date,nifty_tr,synthetic_nifty_wheel
2020-01-01,20000000.0,20000000.0
2020-01-02,20163620.9753504,19999913.0916375
2020-01-03,20072434.480544053,20012160.5916375
2020-01-06,19688948.185131393,19969208.0916375
2020-01-07,19787328.99607705,19964291.8416375
2020-01-08,19741952.16306181,19937726.8416375
2020-01-09,20054770.38725892,19987493.0916375
2020-01-10,20121952.432117533,20008193.0916375
2020-01-13,20241413.174255107,19995600.5916375
2020-01-14,20295130.73476194,20016559.3416375
2020-01-15,20263990.459050007,20009573.0916375
2020-01-16,20283959.073114723,20007330.5916375
2020-01-17,20278847.014329556,20009228.0916375
2020-01-20,20069018.642637264,20007589.3416375
2020-01-21,19979224.21875868,20010176.8416375
2020-01-22,19875824.933628045,20008193.0916375
2020-01-23,19998572.83484716,20012764.3416375
2020-01-24,20111506.051121756,20014834.3416375
2020-01-27,19899244.47982462,20014661.8416375
2020-01-28,19795494.252443284,20015093.0916375
2020-01-29,19916510.83855896,20017421.8416375
2020-01-30,19762622.661627915,20018456.8416375
2020-01-31,19641594.37743722,20018145.8511175
2020-02-03,19224207.06060714,19972864.6011175
2020-02-04,19670453.52851961,20058424.6011175
2020-02-05,19850264.639702216,20073087.1011175
2020-02-06,19930337.96323646,20082833.3511175
2020-02-07,19865378.55263227,20082402.1011175
2020-02-10,19755545.326238837,20080504.6011175
2020-02-11,19880995.482788328,20086542.1011175
2020-02-12,20034205.171368025,20089302.1011175
2020-02-13,19990653.23805641,20092665.8511175
2020-02-14,19890108.283231452,20091717.1011175
2020-02-17,19783690.89474481,20091027.1011175
2020-02-18,19696142.501270704,20091803.3511175
2020-02-19,19915282.540681515,20095770.8511175
2020-02-20,19841292.216159366,20099220.8511175
2020-02-24,19428303.375538036,20084385.8511175
2020-02-25,19376586.185860183,20096547.1011175
2020-02-26,19180432.863870084,20096719.6011175
2020-02-27,19106243.67207254,20102325.8511175
2020-02-28,18397469.004487965,20102325.8511175
2020-03-02,18286594.649417464,20102325.8511175
2020-03-03,18575349.933291726,20101748.863055
2020-03-04,18489427.572245847,20104655.113055
2020-03-05,18521807.843910243,20129592.613055
2020-03-06,18062389.343521576,19992530.113055
2020-03-09,17178108.456362963,19576561.363055
2020-03-11,17189514.079510644,19612748.863055
2020-03-12,15762430.81319753,19612748.863055
2020-03-13,16362460.175365841,19612748.863055
2020-03-16,15123481.955426823,19612748.863055
2020-03-17,14744733.380398586,19612748.863055
2020-03-18,13925411.903844161,19612748.863055
2020-03-19,13594239.399935542,19612748.863055
2020-03-20,14387158.32116246,19612748.863055
2020-03-23,12529117.970992282,19612748.863055
2020-03-24,12848171.2691768,15157936.363054998
2020-03-25,13699276.415569432,15157936.363054998
2020-03-26,14233223.351931322,16591561.363055
2020-03-27,14264188.156517904,16591561.363055
2020-03-30,13639674.723325903,16591561.363055
2020-03-31,14161291.888613267,16591561.363055
2020-04-01,13594742.417161543,16587789.697542187
2020-04-03,13314772.387629753,16275040.572479688
2020-04-07,14481538.390450157,16169103.072479688
2020-04-08,14409981.26553285,16219165.572479688
2020-04-09,15008127.237622412,16136759.322479688
2020-04-13,14813635.042285616,17858384.322479688
2020-04-15,14700795.410611205,17903384.322479688
2020-04-16,14811903.727182172,17968165.572479688
2020-04-17,15263145.273129579,17888853.072479688
2020-04-20,15255050.20521348,18345321.822479688
2020-04-21,14793280.391745135,17885946.822479688
2020-04-22,15132314.002069388,17859134.322479688
2020-04-23,15340820.491284056,18463165.57247969
2020-04-24,15078105.12241158,18219509.32247969
2020-04-27,15288787.453580575,18482290.57247969
2020-04-28,15451156.734903488,18676821.82247969
2020-04-29,15736847.123121653,18967540.572479695
2020-04-30,16241817.927650914,19348353.072479695
2020-05-04,15308837.954170449,18506478.072479695
2020-05-05,15165372.762085134,18526165.572479695
2020-05-06,15272995.052299168,18496821.82247969
2020-05-07,15154633.929213777,18384321.82247969
2020-05-08,15240977.420960493,18447134.32247969
2020-05-11,15220774.845395314,18465696.82247969
2020-05-12,15150516.206805589,18473103.07247969
2020-05-13,15458514.82409312,18703259.32247969
2020-05-14,15061868.194279289,18296009.322479688
2020-05-15,15052100.301634863,18270696.822479688
2020-05-18,14535525.006682524,18306228.072479688
2020-05-19,14627530.366740499,17829790.57247969
2020-05-20,14936336.151204636,17834759.32247969
2020-05-21,15001751.786734734,18207978.07247969
2020-05-22,14891345.354665162,18123040.572479688
2020-05-26,14874558.617006777,18132978.07247969
2020-05-27,15345523.117443407,18125853.07247969
2020-05-28,15634067.83596725,18873790.57247969
2020-05-29,15796437.117290163,18993603.07247969
2020-06-01,16201833.907221396,19486634.32247969
2020-06-02,16453997.612422885,19439946.82247969
2020-06-03,16592491.122623315,19919759.32247969
2020-06-04,16538960.731316857,19853009.32247969
2020-06-05,16725381.2548876,20046978.07247969
2020-06-08,16767084.892345538,20070696.82247969
2020-06-09,16567866.674699344,20142228.07247969
2020-06-10,16682519.50800236,20040978.07247969
2020-06-11,16330196.884451678,20122728.07247969
2020-06-12,16447130.84238423,20113634.32247969
2020-06-15,16184602.642712127,19580009.32247969
2020-06-16,16349966.631240994,19735071.82247969
2020-06-17,16295827.940033326,19664384.322479688
2020-06-18,16643015.108648794,19646665.572479688
2020-06-19,16898887.10363266,19628478.072479688
2020-06-22,17009082.97035181,20450478.07247969
2020-06-23,17272628.90255094,20388321.82247969
2020-06-24,16999315.077707388,20488165.57247969
2020-06-25,16972280.82632862,20500155.047754
2020-06-26,17127455.791512225,20635052.194129
2020-06-29,17011059.945030745,20567083.444129
2020-06-30,16994004.151646823,20542520.944129
2020-07-01,17205107.613516655,20813177.194129
2020-07-02,17413824.66808174,21011083.444129005
2020-07-03,17505689.65123944,21069020.944129005
2020-07-06,17764439.37267903,21304427.194129005
2020-07-07,17823865.59379721,21322145.944129005
2020-07-08,17668877.797813978,21239083.444129005
2020-07-09,17860843.20894575,21414489.694129005
2020-07-10,17785905.340346716,21366864.694129005
2020-07-13,17844348.92316295,21432020.944129005
2020-07-14,17521645.825571172,21199427.19412901
2020-07-15,17539532.182281744,21211708.44412901
2020-07-16,17743628.49721264,21365083.44412901
2020-07-17,18010871.021119118,21216864.69412901
2020-07-20,18209878.673414893,21666958.44412901
2020-07-21,18441325.08775018,21756583.444129005
2020-07-22,18392310.153402705,21734739.694129005
2020-07-23,18531482.151954483,21797552.194129005
2020-07-24,18496294.342284504,21798302.194129005
2020-07-27,18393339.584004752,21773364.694129005
2020-07-28,18672116.40988417,22117802.194129
2020-07-29,18511256.18023926,21836739.694129005
2020-07-30,18349506.89689258,22066765.37060844
2020-07-31,18302036.108448174,22066113.00142594
2020-08-03,18002144.257151764,22007894.25142594
2020-08-04,18338768.064021222,22108638.00142594
2020-08-05,18353917.07117635,22129799.25142594
2020-08-06,18521585.5804848,22159971.75142594
2020-08-07,18544548.90175547,22177994.25142594
2020-08-10,18637338.032840002,22202091.75142594
2020-08-11,18723927.184162207,22217076.75142594
2020-08-12,18700577.826415773,22219810.50142594
2020-08-13,18695547.65415577,22226898.00142594
2020-08-14,18493685.671554316,22206749.25142594
2020-08-17,18607297.37618026,22227505.50142594
2020-08-18,18836076.629410245,22233378.00142594
2020-08-19,18875885.178714413,22233479.25142594
2020-08-20,18716756.26417295,22236010.50142594
2020-08-21,18814996.698218323,22243503.00142594
2020-08-24,18971961.468880486,22246844.25142594
2020-08-25,18981530.494249515,22247856.75142594
2020-08-26,19113964.401587896,22248059.25142594
2020-08-27,19129955.670144696,22250286.75142594
2020-08-28,19276099.721410338,22249971.228820942
2020-08-31,18845680.749004345,22113276.228820942
2020-09-01,18982630.1133017,22183378.728820942
2020-09-02,19093796.920247786,22211166.228820942
2020-09-03,19081888.279874105,22220623.728820942
2020-09-04,18761454.60883684,22132288.728820942
2020-09-07,18796537.135831613,22170801.228820942
2020-09-08,18734081.1132824,22144573.728820942
2020-09-09,18668946.231552865,22163878.728820942
2020-09-10,18952566.060491912,22235541.228820942
2020-09-11,18977693.525641885,22256406.228820942
2020-09-14,18938177.4282133,22262353.728820942
2020-09-15,19073524.15623247,22287996.228820942
2020-09-16,19210520.31282992,22308276.228820942
2020-09-17,19064095.507763717,22307983.728820942
2020-09-18,19045635.945377007,22311591.228820942
2020-09-21,18624493.546464458,22280391.228820942
2020-09-22,18464089.541745458,22288191.228820942
2020-09-23,18427942.48992357,22316563.728820942
2020-09-24,17887818.9699494,21956301.228820942
2020-09-25,18292899.911855,21951064.65078366
2020-09-28,18586416.312263735,22319469.98522866
2020-09-29,18577900.113646798,22351937.48522866
2020-09-30,18619498.468429524,22382454.985228658
2020-10-01,18899924.72288722,22651067.48522866
2020-10-05,19042968.784271702,22759194.985228658
2020-10-06,19306233.96267027,22947759.98522866
2020-10-07,19432795.43634697,23013572.48522866
2020-10-08,19591327.74906225,23081724.98522866
2020-10-09,19723083.16804928,23179712.48522866
2020-10-12,19750842.700079486,23182149.98522866
2020-10-13,19756726.83181619,23214227.48522866
2020-10-14,19822072.278896146,23200089.98522866
2020-10-15,19340708.189763837,23448227.48522866
2020-10-16,19476663.217684213,23053547.48522866
2020-10-19,19659749.789873324,23196189.98522866
2020-10-20,19699090.416176565,23172887.48522866
2020-10-21,19766740.3840361,23217737.48522866
2020-10-22,19700166.639078703,23197457.485228658
2020-10-23,19773209.41952397,23248644.98522866
2020-10-26,19503755.959438093,23083284.98522866
2020-10-27,19705360.584389035,23195117.48522866
2020-10-28,19445862.186147958,23024297.48522866
2020-10-29,19353821.73186491,22922604.985228665
2020-10-30,19306690.18759618,22885359.98522866
2020-11-02,19351049.288084403,22941519.985228665
2020-11-03,19590473.789585553,23145099.985228665
2020-11-04,19756469.474165678,23269802.485228665
2020-11-05,20107856.251714498,23513454.985228665
2020-11-06,20345455.853512023,23592039.98522867
2020-11-09,20673130.632988688,23726589.98522867
2020-11-10,20955229.71217471,23787234.98522867
2020-11-11,21151102.280364253,23808489.98522867
2020-11-12,21054324.105696786,23833059.98522867
2020-11-13,21102672.249767937,23877032.48522867
2020-11-17,21358614.433201943,23905209.98522867
2020-11-18,21464821.25633816,23914277.485228673
2020-11-19,21188524.42236368,24204924.985228673
2020-11-20,21333405.08152681,23917104.985228673
2020-11-23,21445297.169124335,23921687.485228673
2020-11-24,21658775.340223886,23935629.985228673
2020-11-25,21332328.858624663,23935629.985228673
2020-11-26,21545701.74704901,24064329.985228673
2020-11-27,21515731.27883941,23952692.485228673
2020-12-01,21748183.7276267,23971217.485228673
2020-12-02,21755962.947517168,23986037.485228676
2020-12-03,21789454.536308777,24001734.985228676
2020-12-04,21996206.314269952,24024452.485228676
2020-12-07,22157499.372690726,24008267.485228676
2020-12-08,22219159.926138353,24000954.985228676
2020-12-09,22445038.05676257,24021137.48522868
2020-12-10,22360823.614670087,24017334.98522868
2020-12-11,22419746.818562273,24009047.48522868
2020-12-14,22493245.82393344,24015482.48522868
2020-12-15,22509318.979015406,24013727.48522868
2020-12-16,22699880.621144384,24015189.98522868
2020-12-17,22801068.970095623,24016554.985228676
2020-12-18,22833963.95706104,24018602.485228676
2020-12-21,22116907.05236,24018602.485228676
2020-12-22,22345733.097890075,24018602.485228676
2020-12-23,22569400.292334888,24013434.98522868
2020-12-24,22815223.640873775,24019284.98522868
2020-12-28,23020922.59208286,24009144.98522868
2020-12-29,23119502.270303905,24010217.48522868
2020-12-30,23201412.191616807,24017529.985228684
2020-12-31,23201014.457066014,24011765.721349407
2021-01-01,23262043.314462386,24011323.940489408
2021-01-04,23451844.581714854,24042463.940489408
2021-01-05,23562414.78683475,24046333.940489408
2021-01-06,23474012.43388394,24044173.940489408
2021-01-07,23459284.55742965,24061903.940489408
2021-01-08,23807536.250872232,24081883.940489408
2021-01-11,24035730.60035106,24084673.940489408
2021-01-12,24166281.11761069,24091783.940489408
2021-01-13,24168632.430690367,24099163.940489408
2021-01-14,24222116.02969673,24104743.940489408
2021-01-15,23953422.944487367,24097183.940489408
2021-01-18,23700510.562484387,24096823.940489408
2021-01-19,24098514.169000916,24119773.940489408
2021-01-20,24303534.631858647,24126793.940489408
2021-01-21,24215038.694307655,24122293.940489408
2021-01-22,23853041.762712736,24128413.940489408
2021-01-25,23632334.181248803,24131203.940489408
2021-01-27,23183642.81565647,24131023.940489408
2021-01-28,22934766.269536514,24133813.940489408
2021-01-29,22631131.03423266,24131907.758469407
2021-02-01,23704324.134941973,24364827.758469407
2021-02-02,24312916.48802731,24446187.758469407
2021-02-03,24548784.77472139,24463287.758469407
2021-02-04,24724244.20199534,24473367.758469407
2021-02-05,24771714.990439747,24475167.758469407
2021-02-08,25089610.17919696,24520617.758469407
2021-02-09,25081164.16903016,24525117.758469407
2021-02-10,25076508.335170902,24525027.758469407
2021-02-11,25192974.370102525,24540597.758469407
2021-02-12,25176386.499719538,24561207.758469407
2021-02-15,25431252.460251402,24585777.758469407
2021-02-16,25429158.504822236,24592977.758469407
2021-02-17,25262952.254891694,24592167.758469407
2021-02-18,25113556.138769582,24593067.758469407
2021-02-19,24885642.54309132,24590187.758469407
2021-02-22,24394136.222913835,24526017.758469407
2021-02-23,24447514.53924499,24546987.758469407
2021-02-24,24903271.54215138,24582357.758469407
2021-02-25,25094991.293707665,24603507.758469407
2021-02-26,24150535.508629374,24483177.758469407
2021-03-01,24536805.945897575,24558777.758469407
2021-03-02,24798667.35529335,24593877.758469407
2021-03-03,25341446.338297796,24624297.758469407
2021-03-04,25067372.138577733,24594057.758469407
2021-03-05,24830263.855931185,24569127.758469407
2021-03-08,24864328.650398932,24590457.758469407
2021-03-09,25100758.444694128,24623937.758469407
2021-03-10,25227741.049071666,24637797.758469407
2021-03-12,24988597.30137107,24630867.758469407
2021-03-15,24824005.385793738,24636087.758469407
2021-03-16,24792268.508255623,24643467.758469407
2021-03-17,24477765.761255153,24639327.758469407
2021-03-18,24206054.57268979,24636627.758469407
2021-03-19,24515503.751280207,24631677.758469407
2021-03-22,24504718.126108754,24631857.758469407
2021-03-23,24637924.10639867,24638517.758469407
2021-03-24,24196614.226146013,24620697.758469407
2021-03-25,23824790.911531545,24606477.758469407
2021-03-26,24128203.883409962,24638337.758469407
2021-03-31,24433207.79349154,24650577.758469407
2021-04-01,24727028.343850873,24658947.758469407
2021-04-05,24345577.513492264,24649497.758469407
2021-04-06,24421568.20884339,24655977.758469407
2021-04-07,24647048.604916815,24659217.758469407
2021-04-08,24740949.05312856,24660477.758469407
2021-04-09,24676118.321349625,24664707.758469407
2021-04-12,23804401.166766003,24624657.758469407
2021-04-13,24127115.962432798,24658587.758469407
2021-04-15,24254648.37633643,24662637.758469407
2021-04-16,24315162.518431775,24668217.758469407
2021-04-19,23885316.75170192,24657417.758469407
2021-04-20,23780490.301418446,24662007.758469407
2021-04-22,23963073.85638156,24668937.758469407
2021-04-23,23855229.302742086,24675057.758469407
2021-04-26,24094197.57931733,24680097.758469407
2021-04-27,24373723.081998236,24681087.758469407
2021-04-28,24725530.990247898,24681267.758469407
2021-04-29,24783892.686538965,24683337.758469407
2021-04-30,24345016.005891148,24682340.681974407
2021-05-03,24350046.178151153,24697865.681974407
2021-05-04,24120986.17112061,24657414.431974407
2021-05-05,24322918.342172205,24741766.931974407
2021-05-06,24500927.949801218,24783943.181974407
2021-05-07,24664525.529001568,24834226.931974407
2021-05-10,24862854.692946,24883561.931974407
2021-05-11,24710463.86961793,24882268.181974407
2021-05-12,24453808.10360751,24853201.931974407
2021-05-14,24422726.318270694,24873643.181974407
2021-05-17,24830954.042357557,24927463.181974407
2021-05-18,25138648.509694483,24945230.681974407
2021-05-19,25008975.3480616,24948421.931974407
2021-05-20,24802504.32390098,24951440.681974407
2021-05-21,25250505.503066942,24961100.681974407
2021-05-24,25287763.87201604,24964378.181974407
2021-05-25,25313511.335142244,24965413.181974407
2021-05-26,25468288.565775055,24965758.181974407
2021-05-27,25528872.896320544,24967483.181974407
2021-05-28,25691675.006419316,24967202.712614406
2021-05-31,25973926.160580643,24988322.712614406
2021-06-01,25960660.54350426,24997810.212614406
2021-06-02,25962918.27198375,25006802.712614406
2021-06-03,26159071.593973853,25017115.212614406
2021-06-04,26125580.005182244,25021817.712614406
2021-06-07,26261289.37352714,25027345.212614406
2021-06-08,26242022.64396382,25029572.712614406
2021-06-09,26067428.874241598,25027180.212614406
2021-06-10,26260938.431276437,25031387.712614406
2021-06-11,26372444.482398193,25034440.212614406
2021-06-14,26399174.583826356,25031965.212614406
2021-06-15,26495028.610566985,25032790.212614406
2021-06-16,26325231.0516043,25033367.712614406
2021-06-17,26205618.23449142,25035595.212614406
2021-06-18,26192118.655914575,25039307.712614406
2021-06-21,26297623.594549395,25039885.212614406
2021-06-22,26341421.187436502,25040792.712614406
2021-06-23,26198131.46647653,25041370.212614406
2021-06-24,26372444.482398193,25042442.712614406
2021-06-25,26489191.271130376,25042193.225304406
2021-06-28,26412919.821978692,25050030.725304406
2021-06-29,26313182.03433034,25050360.725304406
2021-06-30,26268846.329992164,25047555.725304406
2021-07-01,26199476.745104205,25049865.725304406
2021-07-02,26269969.3451944,25065540.725304406
2021-07-05,26459840.800897006,25081133.225304406
2021-07-06,26432888.436043404,25078740.725304406
2021-07-07,26535515.648222502,25085010.725304406
2021-07-08,26290031.5438593,25061498.225304406
2021-07-09,26227505.33285995,25071480.725304406
2021-07-12,26232219.657094326,25075935.725304406
2021-07-13,26432373.720742386,25087238.225304406
2021-07-14,26504071.22255997,25090208.225304406
2021-07-15,26627556.10250555,25095240.725304406
2021-07-16,26626222.521952897,25096890.725304406
2021-07-19,26340216.2857091,25093095.725304406
2021-07-20,26139126.376059186,25087568.225304406
2021-07-22,26462741.923502777,25102170.725304406
2021-07-23,26523454.932873517,25103903.225304406
2021-07-26,26470626.426068455,25105140.725304406
2021-07-27,26342661.183388963,25106460.725304406
2021-07-28,26289025.509407297,25107203.225304406
2021-07-29,26409971.907072827,25108358.225304406
2021-07-30,26384142.557421457,25108148.451349407
2021-08-02,26590215.847031284,25122420.951349407
2021-08-03,27001332.9956489,25125720.951349407
2021-08-04,27215653.42815013,25135868.451349407
2021-08-05,27279361.144726828,25140983.451349407
2021-08-06,27184957.679289084,25142468.451349407
2021-08-09,27220391.14853455,25149975.951349407
2021-08-10,27256935.934907228,25151543.451349407
2021-08-11,27261065.35539044,25152780.951349407
2021-08-12,27401617.726794966,25153688.451349407
2021-08-13,27677388.1473934,25151130.951349407
2021-08-16,27734240.79200647,25152450.951349407
2021-08-17,27822760.12570751,25153605.951349407
2021-08-18,27746161.130455174,25158060.951349407
2021-08-20,27547902.15496089,25158968.451349407
2021-08-23,27625717.750015642,25160205.951349407
2021-08-24,27840365.728617523,25160453.451349407
2021-08-25,27857129.070125863,25161525.951349407
2021-08-26,27860930.944508422,25162680.951349407
2021-08-27,27975338.11823595,25162473.993944407
2021-08-30,28353560.279888142,25187506.493944407
2021-08-31,28690359.55788295,25185491.493944407
2021-09-01,28596669.675021622,25189443.993944407
2021-09-02,28863958.991228197,25194636.493944407
2021-09-03,29013764.539976116,25194791.493944407
2021-09-06,29104564.9983067,25194713.993944407
2021-09-07,29078220.93335431,25193008.993944407
2021-09-08,29076150.37407519,25193241.493944407
2021-09-09,29102576.325552747,25198433.993944407
2021-09-13,29079215.269731287,25201921.493944407
2021-09-14,29120614.757238615,25203083.993944407
2021-09-15,29354237.013528235,25203703.993944407
2021-09-16,29538657.166270003,25204401.493944407
2021-09-17,29464339.2956472,25205331.493944407
2021-09-20,29148935.796869945,25201068.993944407
2021-09-21,29425525.08272001,25207191.493944407
2021-09-22,29399777.619593807,25209206.493944407
2021-09-23,29862752.33478954,25211686.493944407
2021-09-24,29913428.39579033,25212771.493944407
2021-09-27,29916645.36642173,25213701.493944407
2021-09-28,29738214.62809187,25214088.993944407
2021-09-29,29675665.02094248,25214631.493944407
2021-09-30,29519589.30398208,25216181.493944407
2021-10-01,29375328.642795183,25215768.95399441
2021-10-04,29642126.639850777,25266093.95399441
2021-10-05,29861652.715737358,25283793.95399441
2021-10-06,29566276.32139993,25250868.95399441
2021-10-07,29808169.116730988,25287018.95399441
2021-10-08,29983780.61898024,25298793.95399441
2021-10-11,30068849.02054942,25300518.95399441
2021-10-12,30145951.033027753,25304118.95399441
2021-10-13,30430424.821443506,25307043.95399441
2021-10-14,30729474.411338244,25314393.95399441
2021-10-18,30961540.82364976,25316193.95399441
2021-10-19,30863861.8972055,25316268.95399441
2021-10-20,30608925.7482235,25319793.95399441
2021-10-21,30464817.162011903,25326693.95399441
2021-10-22,30358855.99845117,25327443.95399441
2021-10-25,30376438.20521114,25328118.95399441
2021-10-26,30644335.82131892,25328568.95399441
2021-10-27,30547908.58890215,25329093.95399441
2021-10-28,29955249.0139985,25329693.95399441
2021-10-29,29643893.049179293,25329255.02382441
2021-11-01,30076686.73081501,25394940.02382441
2021-11-02,30012008.074011374,25396535.02382441
2021-11-03,29911814.06143712,25401900.02382441
2021-11-04,30058788.676029414,25414225.02382441
2021-11-08,30313327.090460625,25431190.02382441
2021-11-09,30272606.09130464,25431045.02382441
2021-11-10,30227205.86213935,25432277.52382441
2021-11-11,29993068.890548714,25431190.02382441
2021-11-12,30377584.616563417,25443152.52382441
2021-11-15,30388803.07051073,25440760.02382441
2021-11-16,30203833.108242873,25443007.52382441
2021-11-17,30035041.583732184,25442862.52382441
2021-11-18,29810473.637510575,25444095.02382441
2021-11-22,29233805.331163727,25426695.02382441
2021-11-23,29379504.855578486,25442790.02382441
2021-11-24,29231360.433483865,25446705.02382441
2021-11-25,29434778.260063414,25450910.02382441
2021-11-26,28579017.279811516,25449836.87487441
2021-11-29,28625177.883853324,25477211.87487441
2021-11-30,28506489.21466728,25446386.87487441
2021-12-01,28814768.585755367,25549661.87487441
2021-12-02,29208818.242914036,25626386.87487441
2021-12-03,28864801.252629872,25579211.87487441
2021-12-06,28387379.414780397,25448186.87487441
2021-12-07,28831286.26768822,25597436.87487441
2021-12-08,29323120.133966353,25668161.87487441
2021-12-09,29402210.819198642,25686836.87487441
2021-12-10,29392864.05725506,25702061.87487441
2021-12-13,29152796.16162762,25691111.87487441
2021-12-14,29079999.040757846,25679186.87487441
2021-12-15,28906294.32473739,25663736.87487441
2021-12-16,28951577.57315244,25698611.87487441
2021-12-17,28509811.467973884,25635461.87487441
2021-12-20,27887052.74603537,25439411.87487441
2021-12-21,28149990.37833329,25573886.87487441
2021-12-22,28469160.65726804,25667561.87487441
2021-12-23,28665840.392634187,25707836.87487441
2021-12-24,28550275.109479357,25698761.87487441
2021-12-27,28688780.31775481,25728536.87487441
2021-12-28,28935562.908445597,25748336.87487441
2021-12-29,28902550.940729946,25753361.87487441
2021-12-30,28886349.106822725,25757261.87487441
2021-12-31,29138395.83127398,25756986.12536941
2022-01-03,29594527.172581114,25787831.12536941
2022-01-04,29895998.264005665,25798758.62536941
2022-01-05,30097485.908206377,25794263.62536941
2022-01-06,29796377.457107544,25792946.12536941
2022-01-07,29908538.600430604,25801858.62536941
2022-01-10,30228551.140767027,25813793.62536941
2022-01-11,30316602.55146714,25814801.12536941
2022-01-12,30579563.579915103,25819451.12536941
2022-01-13,30655823.330991767,25820768.62536941
2022-01-14,30652430.88923502,25823016.12536941
2022-01-17,30740283.432659734,25825418.62536941
2022-01-18,30412819.21853349,25824566.12536941
2022-01-19,30122320.921480764,25824643.62536941
2022-01-20,29821890.958733287,25826116.12536941
2022-01-21,29587613.610242363,25826736.12536941
2022-01-24,28801502.968678985,25812786.12536941
2022-01-25,29017952.45083445,25826193.62536941
2022-01-27,28736099.031223916,25830843.62536941
2022-01-28,28722330.39692153,25830224.973704413
2022-01-31,29121913.2435662,25890364.973704413
2022-02-01,29519963.642382823,25951589.973704413
2022-02-02,29861149.69851136,25980342.473704413
2022-02-03,29499269.74766667,25960579.973704413
2022-02-04,29425501.686569963,25965384.973704413
2022-02-07,28916998.063383676,25930277.473704413
2022-02-08,29006266.073886205,25952674.973704413
2022-02-09,29344153.27285818,25983287.473704413
2022-02-10,29584923.05298701,25990029.973704413
2022-02-11,29196582.056439698,25974762.473704413
2022-02-14,28320314.35067202,25859209.973704413
2022-02-15,29177256.836501267,25971119.973704413
2022-02-16,29133669.80896458,25973212.473704413
2022-02-17,29104015.188780606,25964222.473704413
2022-02-18,29056474.21188606,25974219.973704413
2022-02-21,28948746.638996817,25990417.473704413
2022-02-22,28756266.512564022,25987162.473704413
2022-02-23,28707555.72816715,26002197.473704413
2022-02-24,27335886.243239243,26001344.973704413
2022-02-25,28026365.12148743,25995088.818039626
2022-02-28,28254372.301765878,26208282.495119628
2022-03-02,27938185.031962063,25990507.495119628
2022-03-03,27756654.303751044,25888052.495119624
2022-03-04,27331464.370880447,25505744.995119628
2022-03-07,26688467.97915169,24906282.495119628
2022-03-08,26941321.87077955,24906282.495119628
2022-03-09,27499682.68971499,25671207.495119628
2022-03-10,27919526.602299955,26052817.495119628
2022-03-11,27979409.048344046,26108384.995119624
2022-03-14,28384548.48062477,26476742.495119628
2022-03-15,28034109.24715283,26141322.495119624
2022-03-16,28559680.361798063,26639569.995119624
2022-03-17,29084069.970865943,26997542.495119624
2022-03-21,28798929.392173868,26844944.995119628
2022-03-22,29131880.003486022,27083567.495119624
2022-03-23,29014431.33025245,27015832.495119624
2022-03-24,28975839.380750697,27049777.495119624
2022-03-25,28858507.688267354,27031177.495119624
2022-03-28,28974599.384798232,27170212.495119628
2022-03-29,29148760.325744595,27323817.495119624
2022-03-30,29439738.243873276,27552209.995119628
2022-03-31,29383388.61648621,27523024.514055982
2022-04-01,29729417.675674375,27783800.70912098
2022-04-04,30373724.25180574,28226635.70912098
2022-04-05,30215086.65641525,28152933.20912098
2022-04-06,29963110.12041413,27994368.20912098
2022-04-07,29680215.572126526,27839678.209120978
2022-04-08,29923851.380636055,28045208.20912098
2022-04-11,29739793.868220013,27862618.20912098
2022-04-12,29496415.41736099,27671038.209120978
2022-04-13,29404433.453453064,27592685.709120978
2022-04-18,28896292.4705925,27156593.209120974
2022-04-19,28534576.292798135,27160623.209120974
2022-04-20,28833883.24034338,27058323.209120978
2022-04-21,29265928.24517761,27442800.709120978
2022-04-22,28894666.438164264,27083743.209120974
2022-04-25,28527838.201584734,26744448.20912097
2022-04-26,28943236.845660858,27126058.209120974
2022-04-27,28669993.209267445,26893248.209120974
2022-04-28,29025006.39007348,27175983.488635793
2022-04-29,28785195.852096554,26981855.126960795
2022-05-02,28728846.22470949,26917995.126960795
2022-05-04,28069940.45094909,26931480.126960795
2022-05-05,28078398.159190916,26340620.126960795
2022-05-06,27621681.914132617,25917625.1269608
2022-05-09,27437495.722891316,25731780.1269608
2022-05-10,27333499.835934494,25654900.1269608
2022-05-11,27210716.84049031,25548802.6269608
2022-05-12,26632445.897865273,24979642.6269608
2022-05-13,26588882.266478635,24944535.1269608
2022-05-16,26690187.596180107,25032575.1269608
2022-05-17,27392750.58592733,25672337.6269608
2022-05-18,27360709.558438607,25627155.126960795
2022-05-19,26634750.41864486,24920510.1269608
2022-05-20,27404331.68020036,25671562.6269608
2022-05-23,27317602.151977878,25563527.6269608
2022-05-24,27166732.078402836,25441697.6269608
2022-05-25,27018611.05245826,25301267.626960795
2022-05-26,27283022.64220911,25530309.62361827
2022-05-27,27590623.52494585,25775830.44278327
2022-05-30,28111936.54028261,26152945.44278327
2022-05-31,28026365.12148743,26091487.942783266
2022-06-01,27921959.801904794,26017475.442783266
2022-06-02,28099817.33455851,26151782.94278327
2022-06-03,28025908.896561522,26148295.44278327
2022-06-06,28001027.09098704,26137987.942783266
2022-06-07,27742101.898422103,25964542.942783266
2022-06-08,27640586.003370214,25900915.442783266
2022-06-09,27850589.846187856,26058395.44278327
2022-06-10,27383544.20088402,25722742.94278327
2022-06-13,26661223.162422504,25055855.44278327
2022-06-14,26589689.433655243,25017647.94278327
2022-06-15,26544640.14674065,24974945.44278327
2022-06-16,25983740.84552516,24982540.44278327
2022-06-17,25870257.819724474,24381605.44278327
2022-06-20,25968685.42297022,24427330.44278327
2022-06-21,26456974.772516306,24877760.44278327
2022-06-22,26075547.338307742,24514517.94278327
2022-06-23,26317989.9431649,24779180.44278327
2022-06-24,26559251.042444706,24995637.942783266
2022-06-27,26783935.96941655,25186985.442783266
2022-06-28,26814608.322127555,25206205.44278327
2022-06-29,26728171.245780647,25101580.44278327
2022-06-30,26705453.58408547,25089175.24811745
2022-07-01,26657783.928365666,25104156.127222452
2022-07-04,26805203.069808844,25233658.627222452
2022-07-05,26763698.299626302,25163598.62722245
2022-07-06,27066655.046578806,25453371.127222452
2022-07-07,27309869.7243875,25669751.127222452
2022-07-08,27459605.08468529,25786776.127222452
2022-07-11,27453206.23764756,25781506.127222452
2022-07-12,27186209.37331657,25584578.627222452
2022-07-13,27031291.765783478,25504133.627222452
2022-07-14,26992746.608581822,25449418.627222452
2022-07-15,27179915.808954056,25654018.627222452
2022-07-18,27568291.89972644,25969598.627222452
2022-07-19,27677470.033918567,26039426.127222452
2022-07-20,27982824.88625084,26229766.12722245
2022-07-21,28143427.758245237,26300911.127222452
2022-07-22,28336902.221055012,26395538.62722245
2022-07-25,28187049.88000699,26374923.62722245
2022-07-26,27937646.92051099,26280916.12722245
2022-07-27,28209217.73217608,26428553.62722245
2022-07-28,28696992.36642114,26506353.341018133
2022-07-29,29084572.988091942,26506096.769658133
2022-08-01,29395589.708735477,26524816.769658133
2022-08-02,29406410.428131998,26516176.769658133
2022-08-03,29481933.200482193,26524896.769658133
2022-08-04,29471440.027186323,26522176.769658133
2022-08-05,29497784.092138715,26533776.769658133
2022-08-08,29728610.50849777,26547056.769658133
2022-08-10,29750450.814566202,26552496.769658133
2022-08-11,29971708.205556232,26562256.769658133
2022-08-12,30039287.984965634,26565456.769658133
2022-08-16,30255012.186469655,26568176.769658133
2022-08-17,30456956.05559627,26568496.769658133
2022-08-18,30493781.595769506,26571296.769658133
2022-08-19,30163954.37048856,26571536.769658133
2022-08-22,29709098.119358964,26572176.769658133
2022-08-23,29856552.355027214,26572176.769658133
2022-08-24,29903215.976295013,26573056.769658133
2022-08-25,29763026.245216213,26574336.769658133
2022-08-26,29824990.94861445,26573910.206703134
2022-08-29,29407088.916483346,26492690.206703134
2022-08-30,30165346.44141633,26603050.206703134
2022-09-01,29797617.453060012,26556395.206703134
2022-09-02,29791967.28282377,26559030.206703134
2022-09-05,30006533.374900494,26591812.706703134
2022-09-06,29989196.827716008,26598322.706703134
2022-09-07,29936227.94401067,26603282.706703134
2022-09-08,30232341.317074567,26639862.706703134
2022-09-09,30291135.842141494,26652960.206703134
2022-09-12,30466103.95026446,26663112.706703134
2022-09-13,30693186.98261607,26672102.706703134
2022-09-14,30580546.21821706,26667762.706703134
2022-09-15,30365933.333840247,26669932.706703134
2022-09-16,29777368.085194737,26638235.206703134
2022-09-19,29932601.540753458,26653037.706703134
2022-09-20,30262066.12570868,26675512.706703134
2022-09-21,30095789.687328,26671250.206703134
2022-09-22,29945434.32905398,26681945.206703134
2022-09-23,29431678.270182244,26664740.206703134
2022-09-26,28903334.711756505,26642187.706703134
2022-09-27,28888197.402676404,26668227.706703134
2022-09-28,28635507.284098864,26662957.706703134
2022-09-29,28566675.810661975,26691942.706703134
2022-09-30,29035885.59984512,26691544.787208132
2022-10-03,28684288.256945875,26641302.287208132
2022-10-04,29341567.99827804,26737992.287208132
2022-10-06,29439200.132422205,26753832.287208132
2022-10-07,29410118.717914373,26763732.287208132
2022-10-10,29284984.40939051,26762742.287208132
2022-10-11,28847686.968870834,26734197.287208132
2022-10-12,29085602.418693993,26757462.287208132
2022-10-13,28900035.85459994,26751109.787208132
2022-10-14,29191083.961178765,26782459.787208132
2022-10-17,29408434.19511102,26788729.787208132
2022-10-18,29705963.03525273,26793762.287208132
2022-10-19,29753000.99492128,26795082.287208132
2022-10-20,29840783.349895854,26796732.287208132
2022-10-21,29861781.394562613,26798712.287208132
2022-10-24,30124239.405784577,26799207.287208132
2022-10-25,29997771.516708065,26800197.287208132
2022-10-27,30157906.46570153,26801187.287208132
2022-10-28,30242705.81154518,26800899.631378133
2022-10-31,30628321.156612072,26835309.631378133
2022-11-01,30860656.624649126,26845462.131378133
2022-11-02,30754250.93423751,26843369.631378133
2022-11-03,30703036.76178566,26849569.631378133
2022-11-04,30812612.63052858,26859334.631378133
2022-11-07,30958300.456868317,26866464.631378133
2022-11-09,30884766.35727208,26866542.131378133
2022-11-10,30665696.5063114,26867007.131378133
2022-11-11,31212523.0232739,26872742.131378133
2022-11-14,31177627.665479504,26873827.131378133
2022-11-15,31303873.291130576,26874602.131378133
2022-11-16,31314518.539401747,26874757.131378133
2022-11-17,31202649.847954266,26875997.131378133
2022-11-18,31140989.29450664,26876539.631378133
2022-11-21,30889819.925682127,26877004.631378133
2022-11-22,31033121.344717115,26877314.631378133
2022-11-23,31072298.19797003,26877469.631378133
2022-11-24,31441196.99382868,26878244.631378133
2022-11-25,31489919.476300575,26878068.681628134
2022-11-28,31574976.179794732,26877693.681628134
2022-11-29,31669005.306831732,26884443.681628134
2022-11-30,31907681.131531395,26890068.681628134
2022-12-01,31999780.076189563,26899968.681628134
2022-12-02,31801731.66604569,26898393.681628134
2022-12-05,31810154.28006244,26899668.681628134
2022-12-06,31710989.69809023,26899818.681628134
2022-12-07,31571127.513112076,26896368.681628134
2022-12-08,31654183.845777255,26904243.681628134
2022-12-09,31462382.20769581,26899968.681628134
2022-12-12,31463388.24214781,26905668.681628134
2022-12-13,31651891.023072693,26909793.681628134
2022-12-14,31740854.88362462,26910093.681628134
2022-12-15,31323420.77449445,26900793.681628134
2022-12-16,31075304.60325101,26899143.681628134
2022-12-19,31332919.61141334,26910618.681628134
2022-12-20,31273060.56151929,26912043.681628134
2022-12-21,30956346.878339432,26894643.681628134
2022-12-22,30834300.86162171,26903193.681628134
2022-12-23,30289065.282862376,26862393.681628134
2022-12-26,30642546.01584036,26904543.681628134
2022-12-27,30842735.173713487,26915493.681628134
2022-12-28,30826065.416805334,26919168.681628134
2022-12-29,30942601.640187096,26922693.681628134
2022-12-30,30796785.135022104,26922425.605088133
2023-01-02,30953586.132633943,26945598.105088133
2023-01-03,31013293.107552685,26957223.105088133
2023-01-04,30690753.783011235,26931028.105088133
2023-01-05,30604328.404739354,26937460.605088133
2023-01-06,30378672.53754058,26924750.605088133
2023-01-09,30789813.082308237,26963733.105088133
2023-01-10,30471695.630125582,26940793.105088133
2023-01-11,30440262.90253807,26940173.105088133
2023-01-12,30376473.299436208,26943118.105088133
2023-01-13,30543907.847244192,26968073.105088133
2023-01-16,30438847.435460255,26970243.105088133
2023-01-17,30708394.480146315,26981790.605088133
2023-01-18,30898956.122275297,26984890.605088133
2023-01-19,30805207.749038853,26988998.105088133
2023-01-20,30668773.10004252,26991090.605088133
2023-01-23,30823421.65185008,26992098.105088133
2023-01-24,30823585.4249004,26993338.105088133
2023-01-25,30438543.28550965,26994035.605088133
2023-01-27,29949271.29766161,26993413.778403133
2023-01-30,30025086.521887388,27017671.278403133
2023-01-31,30047605.316307172,27058203.778403133
2023-02-01,29969579.155902002,27032396.278403133
2023-02-02,29959530.509457015,27069053.778403133
2023-02-03,30374051.79790639,27119816.278403133
2023-02-06,30221824.74762865,27124078.778403133
2023-02-07,30148501.21338283,27129348.778403133
2023-02-08,30407204.142522324,27145468.778403133
2023-02-09,30444170.059595842,27153063.778403133
2023-02-10,30381339.698645886,27155311.278403133
2023-02-13,30235663.570381172,27154226.278403133
2023-02-14,30506158.15914412,27157791.278403133
2023-02-15,30672855.728225637,27161898.778403133
2023-02-16,30706885.428468317,27164146.278403133
2023-02-17,30550833.107657965,27164688.778403133
2023-02-20,30381292.906345792,27166006.278403133
2023-02-21,30350749.23246005,27167091.278403133
2023-02-22,29887025.840462815,27166626.278403133
2023-02-23,29813678.91006695,27168641.278403133
2023-02-24,29736588.595663637,27168400.274883132
2023-02-27,29612156.17164117,27168480.274883132
2023-02-28,29460981.948115524,27155680.274883132
2023-03-01,29711238.867088225,27185680.274883132
2023-03-02,29491607.508526433,27169360.274883132
2023-03-03,29955424.485123847,27203120.274883132
2023-03-06,30154829.871970415,27207440.274883132
2023-03-08,30227966.237015866,27207120.274883132
2023-03-09,29947352.8133578,27203280.274883132
2023-03-10,29646536.814134546,27187200.274883132
2023-03-13,29206209.572183847,27112320.274883132
2023-03-14,29017203.77403296,27111040.274883132
2023-03-15,28896116.99946715,27090800.274883132
2023-03-16,28919419.564913493,27095680.274883132
2023-03-17,29114286.098651033,27167920.274883132
2023-03-20,28924192.379522983,27135200.274883132
2023-03-21,29127001.90620132,27185760.274883132
2023-03-22,29202548.074701566,27199840.274883132
2023-03-23,29074851.887747608,27202880.274883132
2023-03-24,28850412.620351255,27188880.274883132
2023-03-27,28919641.828338936,27219200.274883132
2023-03-28,28861689.564673677,27228960.274883132
2023-03-29,29081332.6213105,27232080.274883132
2023-03-31,29556426.54223034,27231923.733723134
2023-04-03,29621690.102785133,27245866.233723134
2023-04-05,29892418.653048545,27251723.733723134
2023-04-06,29964092.758716088,27254858.733723134
2023-04-10,30006416.394150257,27257168.733723134
2023-04-11,30173745.659283035,27259561.233723134
2023-04-12,30327130.818988077,27260138.733723134
2023-04-13,30356960.9102974,27262696.233723134
2023-04-17,30150700.451487202,27264511.233723134
2023-04-18,30071176.93747905,27266161.233723134
2023-04-19,30000672.639313836,27267068.733723134
2023-04-20,30010428.833883237,27268306.233723134
2023-04-21,30011154.11453468,27268883.733723134
2023-04-24,30214326.28153874,27268801.233723134
2023-04-25,30258346.137851283,27269131.233723134
2023-04-26,30333927.400576595,27269543.733723134
2023-04-27,30506684.572520167,27270863.733723134
2023-04-28,30769353.149092544,27270751.234043133
2023-05-02,30910174.576222606,27273471.234043133
2023-05-03,30811723.57682681,27274431.234043133
2023-05-04,31094384.163613953,27280031.234043133
2023-05-05,30776208.221056182,27276111.234043133
2023-05-08,31109030.15354308,27280991.234043133
2023-05-09,31111638.82427327,27282431.234043133
2023-05-10,31195385.34336482,27283551.234043133
2023-05-11,31164572.613753542,27285151.234043133
2023-05-12,31194870.62806379,27288111.234043133
2023-05-15,31337996.575973436,27288671.234043133
2023-05-16,31210078.125594035,27289551.234043133
2023-05-17,31031273.04886344,27291951.234043133
2023-05-18,30942882.393987652,27293071.234043133
2023-05-19,31070204.242540866,27293791.234043133
2023-05-22,31259631.17139259,27293151.234043133
2023-05-23,31317033.625531748,27293871.234043133
2023-05-24,31210136.615969155,27294751.234043133
2023-05-25,31271130.37914046,27295871.234043133
2023-05-26,31575292.02782036,27295723.93714563
2023-05-29,31744855.62528258,27301691.43714563
2023-05-30,31804936.938602064,27307116.43714563
2023-05-31,31651996.305747904,27306573.93714563
2023-06-01,31572344.112914495,27306573.93714563
2023-06-02,31679404.895527415,27311921.43714563
2023-06-05,31781482.29818042,27313548.93714563
2023-06-06,31790337.74097303,27314711.43714563
2023-06-07,32008097.4075311,27316648.93714563
2023-06-08,31851039.05226875,27316881.43714563
2023-06-09,31733204.34255941,27319051.43714563
2023-06-12,31798350.922363967,27320988.93714563
2023-06-13,31994340.471303742,27321221.43714563
2023-06-14,32062224.400663745,27321608.93714563
2023-06-15,31955923.99292734,27323003.93714563
2023-06-16,32192447.371822726,27323778.93714563
2023-06-19,32079479.06132306,27325638.93714563
2023-06-20,32184223.62508137,27326026.43714563
2023-06-21,32252926.419693004,27326413.93714563
2023-06-22,32106501.614626803,27327421.43714563
2023-06-23,31925672.770917177,27328196.43714563
2023-06-26,31969563.94840447,27328583.93714563
2023-06-27,32185440.22488379,27329126.43714563
2023-06-28,32450038.98383501,27329126.43714563
2023-06-30,32824389.082654502,27330676.43714563
2023-07-03,33052793.99748374,27330549.69299063
2023-07-04,33166394.004034664,27335914.69299063
2023-07-05,33182712.818692118,27337799.69299063
2023-07-06,33351668.116253126,27341134.69299063
2023-07-07,33069791.300492544,27343164.69299063
2023-07-10,33111003.618799504,27347732.19299063
2023-07-11,33256948.802789755,27350487.19299063
2023-07-12,33162732.50655238,27351357.19299063
2023-07-13,33214718.75195577,27353024.69299063
2023-07-14,33478252.98607987,27353314.69299063
2023-07-17,33729691.41062992,27351357.19299063
2023-07-18,33794393.463583596,27354112.19299063
2023-07-19,33937928.84411905,27355054.69299063
2023-07-20,34195473.66383124,27355344.69299063
2023-07-21,33796358.7401875,27357447.19299063
2023-07-24,33672043.29691527,27358317.19299063
2023-07-25,33686186.2696184,27358824.69299063
2023-07-26,33853410.25207596,27359187.19299063
2023-07-27,33654215.43057982,27359694.69299063
2023-07-28,33635112.47406682,27359562.04755313
2023-07-31,33819637.9094838,27369204.54755313
2023-08-01,33784953.11703982,27370654.54755313
2023-08-02,33444574.228087895,27348397.04755313
2023-08-03,33202973.884632412,27344554.54755313
2023-08-04,33435730.483370304,27363477.04755313
2023-08-07,33573241.355268784,27369784.54755313
2023-08-08,33527946.4087787,27367319.54755313
2023-08-09,33655326.747707024,27374569.54755313
2023-08-10,33502023.474527147,27372322.04755313
2023-08-11,33318983.694638126,27371379.54755313
2023-08-14,33333407.42114181,27372757.04755313
2023-08-16,33385580.83574557,27374062.04755313
2023-08-17,33214531.582755398,27373844.54755313
2023-08-18,33124631.876201607,27372177.04755313
2023-08-21,33279654.76640991,27380224.54755313
2023-08-22,33284544.561769634,27382617.04755313
2023-08-23,33366138.635056905,27383704.54755313
2023-08-24,33267781.220261298,27385517.04755313
2023-08-25,33060304.161648676,27384647.04755313
2023-08-28,33129416.388886124,27386822.04755313
2023-08-29,33192153.165235892,27388272.04755313
2023-08-30,33200458.798502408,27389577.04755313
2023-08-31,33039738.945757776,27390374.54755313
2023-09-01,33351141.70287708,27390274.23088063
2023-09-04,33511662.688346315,27394986.73088063
2023-09-05,33590765.071653634,27396291.73088063
2023-09-06,33652764.86927693,27396799.23088063
2023-09-07,33851842.71002285,27398684.23088063
2023-09-08,34011240.68028985,27399409.23088063
2023-09-11,34313963.46574189,27398539.23088063
2023-09-12,34308547.257006116,27399916.73088063
2023-09-13,34440349.46829324,27402164.23088063
2023-09-14,34497167.018681236,27403759.23088063
2023-09-15,34650318.21688582,27405426.73088063
2023-09-18,34548989.4910343,27407746.73088063
2023-09-20,34150997.58259279,27408471.73088063
2023-09-21,33878046.39807496,27409124.23088063
2023-09-22,33761182.62859255,27409994.23088063
2023-09-25,33761697.34389357,27410646.73088063
2023-09-26,33744817.021635,27411009.23088063
2023-09-27,33833675.59951172,27411081.73088063
2023-09-28,33502631.774428356,27411951.73088063
2023-09-29,33699545.47129497,27411822.677528128
2023-10-03,33511522.311446037,27412402.677528128
2023-10-04,33352533.773804847,27408125.177528128
2023-10-05,33540685.612479035,27424655.177528128
2023-10-06,33725643.87667187,27429875.177528128
2023-10-09,33483376.74294006,27419217.677528128
2023-10-10,33787959.5223208,27426032.677528128
2023-10-11,33996489.40768552,27430890.177528128
2023-10-12,33966729.50482633,27434225.177528128
2023-10-13,33892996.537954696,27433935.177528128
2023-10-16,33859926.07986392,27435602.677528128
2023-10-17,33996711.67111096,27436400.177528128
2023-10-18,33755813.21215687,27437052.677528128
2023-10-19,33679787.422580674,27437995.177528128
2023-10-20,33543972.771560572,27438865.177528128
2023-10-23,33096147.06351996,27438285.177528128
2023-10-25,32847329.00777512,27439372.677528128
2023-10-26,32392308.9835952,27441620.177528128
2023-10-27,32719422.25547075,27441475.80915313
2023-10-30,32880270.787040636,27447475.80915313
2023-10-31,32774917.923381116,27446200.80915313
2023-11-01,32621532.76367607,27442150.80915313
2023-11-02,32878317.20851175,27457825.80915313
2023-11-03,33050676.64590453,27460750.80915313
2023-11-06,33362032.610723738,27464500.80915313
2023-11-07,33353329.24290643,27464875.80915313
2023-11-08,33416557.338407174,27465325.80915313
2023-11-09,33333758.36339251,27467050.80915313
2023-11-10,33385417.062695246,27468250.80915313
2023-11-13,33416662.621082384,27469300.80915313
2023-11-15,33815274.52750012,27469675.80915313
2023-11-16,33976661.17052108,27470575.80915313
2023-11-17,33919176.82985676,27471400.80915313
2023-11-20,33854205.72117755,27472975.80915313
2023-11-21,34007895.0308332,27472600.80915313
2023-11-22,34056816.38058049,27473275.80915313
2023-11-23,34039924.3602469,27474175.80915313
2023-11-24,34027302.137296796,27474700.80915313
2023-11-28,34190677.453071706,27474925.80915313
2023-11-29,34546322.329928994,27473575.80915313
2023-11-30,34609176.087028995,27475600.80915313
2023-12-01,34840774.57633959,27475463.996543128
2023-12-04,35560872.98054668,27486873.996543128
2023-12-05,35850142.97972197,27486313.996543128
2023-12-06,35992169.30857942,27489253.996543128
2023-12-07,35929303.8534044,27493523.996543128
2023-12-08,36046623.84781272,27497093.996543128
2023-12-11,36094293.50353252,27497023.996543128
2023-12-12,35938346.46539738,27498213.996543128
2023-12-13,35972692.01366569,27500313.996543128
2023-12-14,36413300.009416945,27500103.996543128
2023-12-15,36884252.81177855,27499823.996543128
2023-12-18,36818930.76084864,27501223.996543128
2023-12-19,36878181.51084148,27502693.996543128
2023-12-20,36357336.41850565,27503253.996543128
2023-12-21,36537685.64113932,27504583.996543128
2023-12-22,36699902.84748693,27504933.996543128
2023-12-26,36857932.14297621,27505633.996543128
2023-12-27,37224807.17185583,27505773.996543128
2023-12-28,37437899.30647962,27507453.996543128
2023-12-29,37356550.89276784,27507200.361543126
2024-01-01,37374601.02252873,27516690.361543126
2024-01-02,37243816.54376864,27513310.361543126
2024-01-03,36988564.546761006,27506615.361543126
2024-01-04,37231428.282319,27538595.361543126
2024-01-05,37321175.913897485,27545355.361543126
2024-01-08,36981136.26912123,27527805.361543126
2024-01-09,37035883.26023011,27537555.361543126
2024-01-10,37162795.676157504,27549710.361543126
2024-01-11,37211787.21435494,27553220.361543126
2024-01-12,37636988.845300555,27558680.361543126
2024-01-15,37985755.25404417,27561215.361543126
2024-01-16,37873804.676071525,27563815.361543126
2024-01-17,37082476.69304777,27545225.361543126
2024-01-18,36893856.93137266,27557705.361543126
2024-01-19,37184951.83025157,27564075.361543126
2024-01-23,36525250.58738959,27561540.361543126
2024-01-24,36895810.50990154,27569535.361543126
2024-01-25,36721509.1920549,27572200.361543126
2024-01-29,37383596.842221625,27571983.266718127
2024-01-30,37012990.12740958,27554500.766718127
2024-01-31,37363172.003231004,27575088.266718127
2024-02-01,37314589.89765938,27590815.766718127
2024-02-02,37583458.4539941,27600265.766718127
2024-02-05,37442239.29231325,27595068.266718127
2024-02-06,37717623.67643592,27602290.766718127
2024-02-07,37719530.462664716,27608433.266718127
2024-02-08,37375724.03773097,27603640.766718127
2024-02-09,37490435.3614091,27608635.766718127
2024-02-12,37203996.296389446,27604788.266718127
2024-02-13,37422855.5819997,27613158.266718127
2024-02-14,37589471.26455606,27616870.766718127
2024-02-15,37720197.252941035,27619570.766718127
2024-02-16,37950099.52137326,27619840.766718127
2024-02-19,38090499.817802474,27621393.266718127
2024-02-20,38224080.13649314,27622608.266718127
2024-02-21,37979730.74540719,27623823.266718127
2024-02-22,38259373.228838325,27624363.266718127
2024-02-23,38251172.878247015,27625038.266718127
2024-02-26,38095120.55743667,27625713.266718127
2024-02-27,38226513.33609798,27625443.266718127
2024-02-28,37800808.68792635,27626320.766718127
2024-02-29,37855263.22715965,27626658.266718127
2024-03-01,38468289.150678806,27626518.729078125
2024-03-04,38583386.510832705,27635943.729078125
2024-03-05,38498446.78808878,27638803.729078125
2024-03-06,38701232.91861707,27644263.729078125
2024-03-07,38734841.48815891,27646278.729078125
2024-03-11,38457714.090857774,27646928.729078125
2024-03-12,38462966.52654322,27649658.729078125
2024-03-13,37880963.897985764,27638218.729078125
2024-03-14,38137467.589020886,27647773.729078125
2024-03-15,37925638.84649961,27647513.729078125
2024-03-18,37981309.98553532,27650438.729078125
2024-03-19,37571058.49446944,27647188.729078125
2024-03-20,37608340.25956858,27651478.729078125
2024-03-21,37905974.3823855,27656288.729078125
2024-03-22,38052001.45290092,27656873.729078125
2024-03-26,37893504.2344107,27657978.729078125
2024-03-27,38098302.433842994,27658693.729078125
2024-03-28,38448332.234689124,27659278.729078125
2024-04-01,38681006.94690185,27659183.818228126
2024-04-02,38666033.41087207,27663928.818228126
2024-04-03,38633852.00648307,27665033.818228126
2024-04-04,38771620.23603205,27668153.818228126
2024-04-05,38769982.5055288,27667503.818228126
2024-04-08,39032814.855151504,27669128.818228126
2024-04-09,38992245.930970825,27670883.818228126
2024-04-10,39183462.66530111,27672313.818228126
2024-04-12,38779808.88854834,27671793.818228126
2024-04-15,38354654.04990281,27663668.818228126
2024-04-16,38140099.65590112,27666918.818228126
2024-04-18,37878249.94458037,27664058.818228126
2024-04-19,38138555.509998046,27658923.818228126
2024-04-22,38464697.841646664,27674198.818228126
2024-04-23,38519105.58857987,27676538.818228126
2024-04-24,38578344.64049768,27678488.818228126
2024-04-25,38867602.94159794,27679333.818228126
2024-04-26,38608549.070207745,27679076.259361874
2024-04-29,38993333.851947986,27692017.509361874
2024-04-30,38926994.068491064,27687172.509361874
2024-05-02,39001616.08906446,27699986.259361874
2024-05-03,38704847.623799264,27684240.009361874
2024-05-06,38647784.41383579,27677865.009361874
2024-05-07,38413799.51722044,27664413.759361874
2024-05-08,38413729.3287703,27678183.759361874
2024-05-09,37819549.00411362,27616601.259361874
2024-05-10,38045122.98478723,27654086.259361874
2024-05-13,38129419.31340488,27667856.259361874
2024-05-14,38325666.21999516,27694185.009361874
2024-05-15,38295882.92098593,27697436.259361874
2024-05-16,38657645.891080394,27715668.759361874
2024-05-17,38765104.40824409,27720641.259361874
2024-05-21,38873685.94061003,27732626.259361874
2024-05-22,39012893.03338688,27738300.009361874
2024-05-23,39651397.36430672,27739447.509361874
2024-05-24,39635125.34194935,27742316.259361874
2024-05-27,39592591.141164765,27743718.759361874
2024-05-28,39516109.12666266,27744292.509361874
2024-05-29,39199348.65118271,27744675.009361874
2024-05-30,38826320.43484084,27745185.009361874
2024-05-31,38938095.54168814,27795241.895299375
2024-06-03,40205266.122433215,27821506.895299375
2024-06-04,37847367.02651895,27315778.145299375
2024-06-05,39120000.608299896,27705226.895299375
2024-06-06,39467644.00184127,27772164.395299375
2024-06-07,40278355.695178576,27788803.145299375
2024-06-10,40224813.60579709,27793648.145299375
2024-06-11,40243717.69503469,27808246.895299375
2024-06-12,40344180.76333448,27814494.395299375
2024-06-13,40475561.84392077,27818064.395299375
2024-06-14,40604802.176777795,27819211.895299375
2024-06-18,40764562.78737052,27820741.895299375
2024-06-19,40693602.264279395,27821379.395299375
2024-06-20,40794872.4997558,27821761.895299375
2024-06-21,40685787.950163856,27822654.395299375
2024-06-24,40749460.57251549,27822399.395299375
2024-06-25,41067016.517097026,27821251.895299375
2024-06-26,41322408.891004935,27823993.145299375
2024-06-27,41628325.250938326,27824566.895299375
2024-06-28,41573975.99438025,27824319.064259376
2024-07-01,41801409.96898255,27840819.064259376
2024-07-02,41770047.42984517,27845199.064259376
2024-07-03,42051690.28410529,27857799.064259376
2024-07-04,42078724.53548406,27864399.064259376
2024-07-05,42124311.93384972,27869259.064259376
2024-07-08,42118614.971313395,27868119.064259376
2024-07-09,42316464.51418187,27870039.064259376
2024-07-10,42128067.01593219,27869319.064259376
2024-07-11,42113362.535627946,27872979.064259376
2024-07-12,42439060.34042568,27875739.064259376
2024-07-15,42585508.54164193,27878559.064259376
2024-07-16,42634558.57021447,27881619.064259376
2024-07-18,42959928.82891156,27880719.064259376
2024-07-19,42497468.829016834,27881979.064259376
2024-07-22,42459976.498567276,27873339.064259376
2024-07-23,42414307.21367645,27885099.064259376
2024-07-24,42300660.41482543,27886899.064259376
2024-07-25,42287839.32459994,27887679.064259376
2024-07-26,43030760.67317743,27887511.710079376
2024-07-29,43032889.72283165,27892431.710079376
2024-07-30,43072862.04518615,27896271.710079376
2024-07-31,43235476.98608456,27896151.710079376
2024-08-01,43341017.01894444,27903111.710079376
2024-08-02,42843603.17088021,27874851.710079376
2024-08-05,41699391.05670466,27678051.710079376
2024-08-06,41591511.40884011,27727251.710079376
2024-08-07,42137343.58942564,27840411.710079376
2024-08-08,41824268.00757801,27806991.710079376
2024-08-09,42260734.88477104,27866871.710079376
2024-08-12,42252803.58990526,27870531.710079376
2024-08-13,41891777.598537266,27852171.710079376
2024-08-14,41900036.43950369,27875271.710079376
2024-08-16,42599534.53359482,27907851.710079376
2024-08-19,42667500.34947999,27914211.710079376
2024-08-20,42886593.596590705,27918711.710079376
2024-08-21,43010534.701462194,27923031.710079376
2024-08-22,43082255.59942983,27924471.710079376
2024-08-23,43106260.04937756,27924951.710079376
2024-08-26,43431794.08112498,27925551.710079376
2024-08-27,43444205.738724664,27926691.710079376
2024-08-28,43504287.05204414,27927651.710079376
2024-08-29,43677207.99703804,27928131.710079376
2024-08-30,43823012.80412802,27927938.397334374
2024-09-02,43897354.07090086,27928283.397334374
2024-09-03,43899331.04557979,27934608.397334374
2024-09-04,43758462.826149635,27922820.897334374
2024-09-05,43665392.94126455,27929088.397334374
2024-09-06,43156620.26235273,27884928.397334374
2024-09-09,43302939.78474372,27920348.397334374
2024-09-10,43484751.2667553,27942658.397334374
2024-09-11,43271787.810956754,27935010.897334374
2024-09-12,44088757.974431515,27953640.897334374
2024-09-13,44032490.23356961,27959103.397334374
2024-09-16,44079797.24896369,27963703.397334374
2024-09-17,44140194.41030881,27964220.897334374
2024-09-18,44069023.321867265,27961288.397334374
2024-09-19,44135468.38799941,27969050.897334374
2024-09-20,44786863.99759487,27968763.397334374
2024-09-23,45044034.47890632,27969050.897334374
2024-09-24,45046420.88621107,27973593.397334374
2024-09-25,45157154.86438128,27975203.397334374
2024-09-26,45525117.81423807,27975893.397334374
2024-09-27,45460638.024709836,27975648.096679375
2024-09-30,44821420.111213595,27944738.096679375
2024-10-01,44797240.19014051,27961513.096679375
2024-10-03,43847707.440502115,27875988.096679375
2024-10-04,43438754.43576382,27765493.096679375
2024-10-07,43058707.374408,27692288.096679375
2024-10-08,43436204.25540875,27768848.096679375
2024-10-09,43382018.77190099,27774458.096679375
2024-10-10,43410690.75378301,27817413.096679375
2024-10-11,43351299.62688989,27808943.096679375
2024-10-14,43635574.54803024,27899253.096679375
2024-10-15,43512967.023711406,27868343.096679375
2024-10-16,43363582.60566432,27855033.096679375
2024-10-17,42979020.08734952,27758618.096679375
2024-10-18,43163849.6727171,27838148.096679375
2024-10-21,43037159.520215146,27758398.096679375
2024-10-22,42505493.708482794,27566338.096679375
2024-10-23,42441902.97265633,27536693.096679375
2024-10-24,42379224.68668167,27516728.096679375
2024-10-25,41999505.17142651,27249813.096679375
2024-10-28,42274538.61329848,27435548.096679375
2024-10-29,42525579.30329774,27567273.096679375
2024-10-30,42306591.33886223,27456778.096679375
2024-10-31,42079309.439235225,27274178.096679375
2024-11-01,42251399.82090247,27267679.286750164
2024-11-04,41714247.61198421,26971651.280800164
2024-11-05,42093136.56391272,27170586.280800164
2024-11-06,42573798.76854364,27480731.28080016
2024-11-07,42081181.131238945,27183126.28080016
2024-11-08,41992240.66683707,27099966.28080016
2024-11-11,41980203.34763812,27111956.28080016
2024-11-12,41531804.433921374,26819631.28080016
2024-11-13,40967746.6524496,26489356.28080016
2024-11-14,40929786.39899912,26428856.28080016
2024-11-18,40792603.073201284,26334641.28080016
2024-11-19,40905828.74135146,26358346.28080016
2024-11-21,40612581.39666827,26153691.28080016
2024-11-22,41581989.17577118,26745821.28080016
2024-11-25,42129271.91765959,27171356.28080016
2024-11-26,42081613.960014805,27109921.28080016
2024-11-27,42221452.74884291,27201166.28080016
2024-11-28,41593991.40074504,26760239.612571403
2024-11-29,41971312.81062044,26967770.722461402
2024-12-02,42223488.21389696,27087175.722461402
2024-12-03,42538447.18582333,27195855.722461402
2024-12-04,42556321.844458885,27207625.722461402
2024-12-05,42975428.77831738,27377795.7224614
2024-12-06,42922202.536961526,27400675.7224614
2024-12-09,42819973.05933322,27337260.7224614
2024-12-10,42804402.92147726,27336435.7224614
2024-12-11,42859571.043286964,27406560.722461402
2024-12-12,42697681.38304001,27338690.7224614
2024-12-13,43079646.928699635,27507925.7224614
2024-12-16,42905591.2704285,27419760.7224614
2024-12-17,42327764.854654334,27114950.7224614
2024-12-18,42089182.61455486,26947585.722461395
2024-12-19,41659313.45167495,26704595.722461395
2024-12-20,41025839.29301513,26276915.7224614
2024-12-23,41314512.690364234,26438120.7224614
2024-12-24,41269603.78034992,26440210.7224614
2024-12-26,41308827.425902925,26401131.970221173
2024-12-27,41418789.331121616,26481089.343051173
2024-12-30,41125682.363338694,26303439.343051173
2024-12-31,41125483.49606329,26290184.34305117
2025-01-01,41296111.61835264,26385664.34305117
2025-01-02,42071460.030894615,26771709.343051173
2025-01-03,41751552.7732334,26595159.343051173
2025-01-06,41075497.62148889,26206034.34305117
2025-01-07,41235293.326306686,26294749.34305117
2025-01-08,41202293.056666054,26281329.34305117
2025-01-09,40919761.14870418,26139484.34305117
2025-01-10,40754525.83900057,25979434.343051173
2025-01-13,40153490.44238025,25608569.34305117
2025-01-14,40310244.647691995,25731934.34305117
2025-01-15,40374806.32374539,25727974.34305117
2025-01-16,40546311.80166148,25850734.343051165
2025-01-17,40394868.52241029,25730944.343051165
2025-01-20,40641323.56700043,25877739.343051165
2025-01-21,40084097.461342245,25551974.343051165
2025-01-22,40311601.62439469,25658894.343051165
2025-01-23,40398670.39679285,25730669.343051165
2025-01-24,40201651.41725103,25566439.343051165
2025-01-27,39743718.57239032,25271914.343051165
2025-01-28,39966730.67463383,25417279.343051165
2025-01-29,40328879.68120406,25605214.343051165
2025-01-30,40479316.92600324,25700268.531028856
2025-01-31,40940934.66449628,25912134.106253855
2025-02-03,40684337.38886098,25743451.606253855
2025-02-04,41342915.61652072,26098509.106253855
2025-02-05,41268118.12482197,26084176.60625385
2025-02-06,41110638.63885878,25999546.606253855
2025-02-07,41050299.96788878,25925154.106253855
2025-02-10,40739564.0010458,25763506.606253855
2025-02-11,40199721.23487219,25443309.106253855
2025-02-12,40176956.78087692,25413279.10625385
2025-02-13,40152835.35017895,25397424.10625385
2025-02-14,39975106.49635049,25280506.60625385
2025-02-17,40027864.81470542,25313424.10625385
2025-02-18,40003111.687956184,25257196.606253847
2025-02-19,39981470.24916314,25249006.606253847
2025-02-20,39947007.72014461,25226431.606253847
2025-02-21,39742583.85911306,25100746.606253847
2025-02-24,39319780.33354721,24880194.10625385
2025-02-25,39309684.89480213,24848746.60625385
2025-02-27,39305286.418593384,24794491.10835296
2025-02-28,38572483.90491103,24370665.726942956
2025-03-03,38562996.766067155,24350243.226942956
2025-03-04,38499101.88029008,24279000.726942956
2025-03-05,38943125.71394814,24545543.226942956
2025-03-06,39304713.212917246,24730920.72694296
2025-03-07,39318750.90294516,24761790.72694296
2025-03-10,39158042.748275556,24621143.22694296
2025-03-11,39225610.82960993,24674640.726942956
2025-03-12,39177870.985439986,24638993.226942956
2025-03-13,39050069.515810825,24546960.726942956
2025-03-17,39244561.71114762,24694643.226942956
2025-03-18,39812128.91512637,25021403.22694296
2025-03-19,39939977.17705563,25102725.72694296
2025-03-20,40433437.075761996,25341495.72694296
2025-03-21,40711991.63821597,25530285.72694296
2025-03-24,41248898.18755873,25865288.22694296
2025-03-25,41266889.82694452,25871640.72694296
2025-03-26,40949895.3899641,25679228.226942964
2025-03-27,41133145.73520354,25737212.179547843
2025-03-28,41006525.77115172,25590134.331507843
2025-04-01,40389955.33090052,25263269.331507843
2025-04-02,40680523.81640339,25383914.331507843
2025-04-03,40537152.20891825,25269149.331507843
2025-04-04,39934432.2894946,24885059.331507843
2025-04-07,38639315.00751893,24153524.33150784
2025-04-08,39291821.93424161,24538244.33150784
2025-04-09,39053508.74986766,24381006.831507843
2025-04-11,39802115.362906456,24838859.331507843
2025-04-15,40673867.61171515,25288574.331507843
2025-04-16,40863317.93671693,25387169.331507843
2025-04-17,41585943.12512904,25823549.331507843
2025-04-21,42063493.64180377,26122589.331507843
2025-04-22,42136173.78192331,26159916.831507843
2025-04-23,42418085.69190896,26309751.831507843
2025-04-24,42274749.178648904,26226542.655139253
2025-04-25,41913220.17005492,25980714.66592425
2025-04-28,42424718.50044716,26290569.66592425
2025-04-29,42437668.269497916,26265632.16592425
2025-04-30,42434615.07191683,26258754.665924255
2025-05-02,42456420.283760205,26249619.665924255
2025-05-05,42655977.745582074,26406909.665924255
2025-05-06,42513846.13404941,26296082.165924255
2025-05-07,42574512.351120055,26326322.165924255
2025-05-08,42329273.90633234,26139632.165924255
2025-05-09,41866977.67948795,25936719.665924255
2025-05-12,43465660.00831733,26843394.665924255
2025-05-13,42861594.810265996,26500884.66592426
2025-05-14,43016091.287098244,26591184.66592426
2025-05-15,43705236.58479378,26908232.16592426
2025-05-16,43655028.446793936,26912117.16592426
2025-05-19,43525320.19093598,26836779.66592426
2025-05-20,43068966.586203404,26663267.165924255
2025-05-21,43294985.093727894,26724639.66592426
2025-05-22,42939468.895695865,26558162.16592426
2025-05-23,43364237.69786562,26786799.66592426
2025-05-26,43622472.70400419,26931804.66592426
2025-05-27,43317188.040122055,26775039.665924255
2025-05-28,43216689.87759719,26685159.665924255
2025-05-29,43360482.61578315,26746078.859703176
2025-05-30,43250707.87976484,26670665.665003177
2025-06-02,43191188.07404647,26628035.665003177
2025-06-03,42902327.507497,26485078.165003177
2025-06-04,43054870.405800365,26547185.66500318
2025-06-05,43283450.79175496,26684630.66500318
2025-06-06,43724386.33360687,26921143.165003177
2025-06-09,43899506.51670514,27009290.665003177
2025-06-10,43904934.42351593,27001310.665003177
2025-06-11,43969917.23027017,27058325.66500318
2025-06-12,43527496.032890305,26781755.66500318
2025-06-13,43233020.39032967,26565403.16500318
2025-06-16,43631620.59867238,26848483.16500318
2025-06-17,43468818.48857361,26718493.16500318
2025-06-18,43396500.98877978,26674813.165003184
2025-06-19,43363617.699889384,26650663.16500318
2025-06-20,43922633.61102613,26974640.665003184
2025-06-23,43685186.084203914,26850793.165003184
2025-06-24,43811911.33093093,26933113.165003184
2025-06-25,44162502.639378175,27123268.165003184
2025-06-26,44694694.86448657,27418060.412812386
2025-06-27,44918537.530056745,27559842.699062385
2025-06-30,44706907.65481086,27424812.699062385
2025-07-01,44750272.4189221,27458465.199062385
2025-07-02,44595389.90561408,27364595.199062385
2025-07-03,44511140.36929653,27329000.199062385
2025-07-04,44619897.37278782,27362810.199062385
2025-07-07,44622693.212718375,27363702.69906239
2025-07-08,44732725.3063872,27440825.19906239
2025-07-09,44651376.89267542,27388272.699062385
2025-07-10,44441466.63445797,27247415.19906239
2025-07-11,44083107.80419528,27040145.19906239
2025-07-14,43964688.19073476,26982657.69906239
2025-07-15,44163649.05073045,27086870.19906239
2025-07-16,44196427.05694564,27066815.19906239
2025-07-17,44020101.97211997,26992737.69906239
2025-07-18,43792586.1109925,26843742.69906239
2025-07-21,44007093.71269409,26943912.69906239
2025-07-22,43954791.61926509,26908947.699062392
2025-07-23,44233650.331669666,27076160.19906239
2025-07-24,43960161.03570077,26910785.199062392
2025-07-25,43583681.88722704,26653115.199062392
2025-07-28,43315222.76351815,26506115.199062392
2025-07-29,43561326.865857586,26641670.199062392
2025-07-30,43620881.76580103,26673537.699062392
2025-07-31,43468736.60204844,26550963.813078627
2025-08-01,43123081.88126103,26294264.73212863
2025-08-04,43399331.92293542,26415592.232128628
2025-08-05,43270887.05917997,26382884.732128628
2025-08-06,43143448.229876526,26307389.73212863
2025-08-07,43181993.38707819,26347447.23212863
2025-08-08,42775918.108795606,26106577.232128628
2025-08-11,43165931.93007124,26303399.73212863
2025-08-12,43026373.8950437,26227484.73212863
2025-08-13,43258182.94970471,26392229.73212863
2025-08-14,43294891.50912771,26364719.73212863
2025-08-18,43726679.15631143,26660032.23212863
2025-08-19,43911555.5339791,26732062.23212863
2025-08-20,44034373.62364836,26784929.73212863
2025-08-21,44097332.663423575,26826877.23212863
2025-08-22,43721660.68212644,26591047.23212863
2025-08-25,43893400.121543,26688067.23212863
2025-08-26,43443808.00417387,26416432.23212863
2025-08-28,43072604.687535636,26158687.42996341
2025-08-29,42942463.602901824,26071211.772683408
2025-09-01,43290914.1636198,26257796.772683408
2025-09-02,43211016.31121091,26201726.772683408
2025-09-03,43449118.93023443,26325836.772683408
2025-09-04,43491033.13304279,26341534.272683408
2025-09-05,43502824.792666234,26363899.272683408
2025-09-08,43559279.70272851,26414141.772683408
2025-09-09,43727147.07931236,26473099.272683408
2025-09-10,43910923.83792785,26593796.772683408
2025-09-11,43967823.274840996,26629706.772683408
2025-09-12,44158607.180395424,26729456.772683408
2025-09-15,44079902.5316389,26695751.772683408
2025-09-16,44378589.48120792,26853304.272683408
2025-09-17,44538841.410951614,26938564.272683408
2025-09-18,44702988.799678065,27025924.272683408
2025-09-19,44533214.63686542,26945126.772683408
2025-09-22,44313957.61670439,26822591.772683408
2025-09-23,44256262.710689634,26806106.772683408
2025-09-24,44058272.790920876,26660944.27268341
2025-09-25,43766300.53641523,26510479.27268341
2025-09-26,43351077.36346445,26219471.77268341
2025-09-29,43316193.70374508,26215061.77268341
2025-09-30,43274337.99131183,26122243.61754123
2025-10-01,43670317.83084934,26320471.11089623
2025-10-03,43772208.064301975,26365253.610896226
2025-10-06,44094747.38884342,26543753.61089623
2025-10-07,44148652.11855063,26585386.110896226
2025-10-08,44039333.60745822,26482591.11089623
2025-10-09,44277822.262957506,26635418.610896226
2025-10-10,44459914.49876965,26765723.610896226
2025-10-13,44357907.28456679,26669438.610896226
2025-10-14,44214009.263705604,26572943.610896226
2025-10-15,44531424.831386864,26793496.110896226
2025-10-16,44991650.49895215,26981971.110896226
2025-10-17,45215621.843347564,27043081.110896226
2025-10-20,45453665.97199597,27149551.110896226
2025-10-21,45498434.50511001,27150706.110896226
2025-10-23,45538535.506289765,27205883.61089623
2025-10-24,45369276.058778144,27153698.610896226
2025-10-27,45701559.87981396,27251453.610896226
2025-10-28,45649082.31525961,27259903.639220085
2025-10-29,45856220.129696555,27259782.228360087
2025-10-30,45546361.51848032,27257157.228360087
2025-10-31,45272252.22453519,27255792.228360087
2025-11-03,45344838.78005455,27256317.228360087
2025-11-04,45053229.16587461,27247602.228360087
2025-11-06,44898405.14294169,27251644.728360087
2025-11-07,44881864.0648588,27250279.728360087
2025-11-10,45034091.11513654,27262827.228360087
2025-11-11,45246446.27103387,27267762.228360087
2025-11-12,45564914.66546722,27271857.228360087
2025-11-13,45570822.193353966,27271017.228360087
2025-11-14,45625265.034512244,27275584.728360087
2025-11-17,45807310.47802428,27278262.228360087
2025-11-18,45626013.71131373,27279784.728360087
2025-11-19,45877147.98591317,27280939.728360087
2025-11-20,46122760.769101635,27281727.228360087
2025-11-21,45904416.198792405,27282882.228360087
2025-11-24,45713152.672162026,27283827.228360087
2025-11-25,45581549.3281503,27284772.228360087
2025-11-26,46145969.749947794,27284649.173620086
2025-11-27,46164031.57778371,27288324.173620086
2025-11-28,46141781.83908947,27290739.173620086
2025-12-01,46093948.41031933,27291789.173620086
2025-12-02,45841153.00906659,27293574.173620086
2025-12-03,45759746.104979694,27293574.173620086
2025-12-04,45843902.05669705,27295516.673620086
2025-12-05,46112723.82073168,27298299.173620086
2025-12-08,45714930.77956556,27293101.673620086
2025-12-09,45502025.814142145,27295884.173620086
2025-12-10,45358268.17018125,27293889.173620086
2025-12-11,45605822.83382358,27299349.173620086
2025-12-12,45867122.73561823,27301396.673620086
2025-12-15,45832519.82969942,27300714.173620086
2025-12-16,45538114.37558892,27301869.173620086
2025-12-17,45464907.82209333,27303234.173620086
2025-12-18,45459631.99025784,27303076.673620086
2025-12-19,45725295.27403618,27304284.173620086
2025-12-22,46088005.788207516,27305754.173620086
2025-12-23,46096381.609924175,27307486.673620086
2025-12-24,46034674.26417645,27308641.673620086
2025-12-26,45858922.385026924,27309166.673620086
2025-12-29,45682433.52715094,27309324.173620086
2025-12-30,45676771.65883967,27310059.173620086
2025-12-31,46012681.88313272,27309990.161435086
2026-01-01,46042476.88021696,27310487.411435086
2026-01-02,46362969.04162935,27310542.661435086
2026-01-05,46225212.510155395,27310874.161435086
2026-01-06,46099095.56332957,27318553.911435086
2026-01-07,46032252.76264664,27313360.411435086
2026-01-08,45567605.22272257,27308332.661435086
2026-01-09,45226711.61846962,27303470.661435086
2026-01-12,45415109.11671929,27303415.411435086
2026-01-13,45313043.41214131,27307724.911435086
2026-01-14,45195571.34275769,27307614.411435086
2026-01-16,45273550.71086277,27313581.411435086
2026-01-19,45081784.167006396,27311868.661435086
2026-01-20,44459762.42379435,27296398.661435086
2026-01-21,44327644.3644816,27286398.411435086
2026-01-22,44560950.77274559,27314023.411435086
2026-01-23,44135831.02832513,27308443.161435086
2026-01-27,44359135.58244423,27321592.661435086
2026-01-28,44654020.65763068,27321402.982587088
2026-01-29,44788256.06852264,27328474.982587088
2026-01-30,44615089.46395326,27322673.732587088
2026-02-02,44205855.70541439,27308971.732587088
2026-02-03,45332041.08597909,27343116.232587088
2026-02-04,45417413.63749888,27348751.732587088
2026-02-05,45187254.011416145,27349801.482587088
2026-02-06,45283926.90340841,27349138.482587088
2026-02-09,45595575.3201032,27351016.982587088
2026-02-10,45715164.74106603,27354884.482587088
2026-02-11,45748129.91648159,27355657.982587088
2026-02-12,45489614.15654247,27356762.982587088
2026-02-13,44897153.44891421,27351403.732587088
2026-02-16,45270637.89018197,27351790.482587088
2026-02-17,45345833.11643152,27358696.732587088
2026-02-18,45516297.46567053,27358475.732587088
2026-02-19,44872798.05671577,27357867.982587088
2026-02-20,45078894.742475644,27357646.982587088
2026-02-23,45328800.719197646,27361735.482587088
2026-02-24,44820437.47291164,27363834.982587088
2026-02-25,44922456.38518953,27363571.34675209
2026-02-26,44947186.11578871,27371527.34675209
2026-02-27,44386789.831799224,27345780.84675209
2026-03-02,43835096.91562705,27231965.84675209
2026-03-04,43156023.66052654,27036380.84675209
2026-03-05,43659157.86727715,27194893.09675209
2026-03-06,43106201.55900245,27061740.59675209
2026-03-09,42361537.1972465,26804662.34675209
2026-03-10,42773309.43806542,27068370.59675209
2026-03-11,42077332.46455629,26799910.84675209
2026-03-12,41675877.92590789,26687090.34675209
2026-03-13,40815496.206021816,26258074.09675209
2026-03-16,41269837.74185038,26473825.34675209
2026-03-17,41573695.24057968,26703223.34675209
2026-03-18,41920332.599669054,26866708.09675209
2026-03-19,40552874.421749525,26114534.59675209
2026-03-20,40750981.32226851,26271113.09675209
2026-03-23,39689919.12535831,25643749.34675209
2026-03-24,40394611.16475978,26057406.09675209
2026-03-25,41089336.44424141,26450012.59675209
2026-03-27,40231001.8874844,25947624.34675209
2026-03-30,39370374.50802283,25415345.84675209
2026-04-01,39983903.44876798,25409240.03575984
2026-04-02,40043247.783361,25371937.74724134
2026-04-06,40493108.95645566,25679238.24724134
2026-04-07,40767101.26965058,25785815.49724134
2026-04-08,42307421.90218888,26678600.24724134
2026-04-09,41915629.97350971,26506109.74724134
2026-04-10,42401310.6523256,26737828.24724134
2026-04-13,42034646.1887964,26531635.24724134
2026-04-15,42719837.53713407,26885566.74724134
2026-04-16,42658925.660487935,26863963.99724134
2026-04-17,42935362.8713627,27014133.49724134
2026-04-20,42955319.78735239,26973524.74724134
2026-04-21,43328640.455569826,27180988.49724134
2026-04-22,42978645.748948775,27076289.74724134
2026-04-23,42617210.32495497,26926451.74724134
2026-04-24,42141894.14060969,26687661.24724134
2026-04-27,42485361.321367756,26919434.99724134
2026-04-28,42314323.76645261,26771624.194419537
2026-04-29,42635108.379740566,26973367.842673536
2026-04-30,42317552.43515903,26820712.092673536
2026-05-04,42532247.206061006,26941433.342673536
2026-05-05,42379751.10005773,26859884.342673536
2026-05-06,42905450.89352821,27201937.09267354
2026-05-07,42897870.540913135,27146245.092673536
2026-05-08,42632499.70901038,27004639.342673536
2026-05-11,41997107.066046745,26625458.592673536
2026-05-12,41227724.67176663,26147380.342673536
2026-05-13,41286074.66998268,26192132.842673536
2026-05-14,41774492.69835402,26456835.592673533
2026-05-15,41720903.816672444,26396778.842673536
2026-05-18,41732250.94944501,26414735.092673536
2026-05-19,41675901.32205795,26365894.092673536
2026-05-20,41748230.51992679,26428437.092673536
2026-05-21,41740650.16731171,26387331.092673536
2026-05-22,41871832.3806226,26512140.842673536
2026-05-25,42438007.513673574,26864912.092673536
2026-05-26,42229594.6090591,26683405.759472813
2026-05-27,42218013.51478607,26702815.821545314
2026-05-29,41589744.9995116,26444687.821545314
2026-06-01,41298065.196881525,26141365.321545314
2026-06-02,41476378.95446115,26298606.821545314
2026-06-03,41338739.40373741,26196615.321545318
2026-06-04,41358052.92560083,26196560.071545314
2026-06-05,41288484.473437466,26137000.571545318
2026-06-08,40857819.84145599,25835722.321545314
2026-06-09,41068303.30534958,26010478.071545314
2026-06-10,41020294.40545411,25911967.321545314
2026-06-11,40926007.92076659,25869259.071545314
2026-06-12,41756664.83201856,26400598.321545314
2026-06-15,42165009.53685566,26650494.071545314
2026-06-16,42404129.88840621,26749115.321545314
2026-06-17,42574746.31262053,26851051.571545314
2026-06-18,42720223.57360984,26961938.321545314
2026-06-19,42526538.54544965,26815525.821545314
2026-06-22,42685562.177315906,26891660.32154531
2026-06-23,42203344.128706895,26593310.32154531
2026-06-24,42553373.92955302,26814918.07154531
2026-06-25,42614180.52352395,26871328.32154531
2026-06-29,42419735.12048724,26728728.071545314
2026-06-30,42283721.602191746,26600295.337451912
