ticker,expiry,lot_size,method
ADANIENT,2020-01-30,4000,legacy NSE turnover estimate validated by open-interest divisibility
ADANIENT,2020-02-27,4000,legacy NSE turnover estimate validated by open-interest divisibility
ADANIENT,2020-03-26,4000,legacy NSE turnover estimate validated by open-interest divisibility
ADANIENT,2020-04-30,4000,legacy NSE turnover estimate validated by open-interest divisibility
ADANIENT,2020-08-27,4000,legacy NSE turnover estimate validated by open-interest divisibility
ADANIENT,2020-09-24,4000,legacy NSE turnover estimate validated by open-interest divisibility
ADANIENT,2020-10-29,4000,legacy NSE turnover estimate validated by open-interest divisibility
ADANIENT,2020-11-26,2000,legacy NSE turnover estimate validated by open-interest divisibility
ADANIENT,2020-12-31,2000,legacy NSE turnover estimate validated by open-interest divisibility
ADANIENT,2021-01-28,2000,legacy NSE turnover estimate validated by open-interest divisibility
ADANIENT,2021-02-25,2000,legacy NSE turnover estimate validated by open-interest divisibility
ADANIENT,2021-03-25,2000,legacy NSE turnover estimate validated by open-interest divisibility
ADANIENT,2021-04-29,2000,legacy NSE turnover estimate validated by open-interest divisibility
ADANIENT,2021-05-27,1000,legacy NSE turnover estimate validated by open-interest divisibility
ADANIENT,2021-06-24,1000,legacy NSE turnover estimate validated by open-interest divisibility
ADANIENT,2021-07-29,1000,legacy NSE turnover estimate validated by open-interest divisibility
ADANIENT,2021-08-26,1000,legacy NSE turnover estimate validated by open-interest divisibility
ADANIENT,2021-09-30,1000,legacy NSE turnover estimate validated by open-interest divisibility
ADANIENT,2021-10-28,1000,legacy NSE turnover estimate validated by open-interest divisibility
ADANIENT,2021-11-25,500,legacy NSE turnover estimate validated by open-interest divisibility
ADANIENT,2021-12-30,500,legacy NSE turnover estimate validated by open-interest divisibility
ADANIENT,2022-01-27,500,legacy NSE turnover estimate validated by open-interest divisibility
ADANIENT,2022-02-24,500,legacy NSE turnover estimate validated by open-interest divisibility
ADANIENT,2022-03-31,500,legacy NSE turnover estimate validated by open-interest divisibility
ADANIENT,2022-04-28,500,legacy NSE turnover estimate validated by open-interest divisibility
ADANIENT,2022-05-26,500,legacy NSE turnover estimate validated by open-interest divisibility
ADANIENT,2022-06-30,500,legacy NSE turnover estimate validated by open-interest divisibility
ADANIENT,2022-07-28,500,legacy NSE turnover estimate validated by open-interest divisibility
ADANIENT,2022-08-25,500,legacy NSE turnover estimate validated by open-interest divisibility
ADANIENT,2022-09-29,500,legacy NSE turnover estimate validated by open-interest divisibility
ADANIENT,2022-10-27,500,legacy NSE turnover estimate validated by open-interest divisibility
ADANIENT,2022-11-24,250,legacy NSE turnover estimate validated by open-interest divisibility
ADANIENT,2022-12-29,250,legacy NSE turnover estimate validated by open-interest divisibility
ADANIENT,2023-01-25,250,legacy NSE turnover estimate validated by open-interest divisibility
ADANIENT,2023-02-23,250,legacy NSE turnover estimate validated by open-interest divisibility
ADANIENT,2023-03-29,250,legacy NSE turnover estimate validated by open-interest divisibility
ADANIENT,2023-04-27,250,legacy NSE turnover estimate validated by open-interest divisibility
ADANIENT,2024-02-29,300,legacy NSE turnover estimate validated by open-interest divisibility
ADANIENT,2024-03-28,300,legacy NSE turnover estimate validated by open-interest divisibility
ADANIENT,2024-04-25,300,legacy NSE turnover estimate validated by open-interest divisibility
ADANIENT,2024-05-30,300,legacy NSE turnover estimate validated by open-interest divisibility
ADANIENT,2024-06-27,300,legacy NSE turnover estimate validated by open-interest divisibility
ADANIENT,2024-07-25,300,legacy NSE turnover estimate validated by open-interest divisibility
AXISBANK,2020-01-30,1200,legacy NSE turnover estimate validated by open-interest divisibility
AXISBANK,2020-02-27,1200,legacy NSE turnover estimate validated by open-interest divisibility
AXISBANK,2020-03-26,1200,legacy NSE turnover estimate validated by open-interest divisibility
AXISBANK,2020-04-30,1200,legacy NSE turnover estimate validated by open-interest divisibility
AXISBANK,2020-05-28,1200,legacy NSE turnover estimate validated by open-interest divisibility
AXISBANK,2020-11-26,1200,legacy NSE turnover estimate validated by open-interest divisibility
AXISBANK,2020-12-31,1200,legacy NSE turnover estimate validated by open-interest divisibility
AXISBANK,2021-01-28,1200,legacy NSE turnover estimate validated by open-interest divisibility
AXISBANK,2021-02-25,1200,legacy NSE turnover estimate validated by open-interest divisibility
AXISBANK,2021-03-25,1200,legacy NSE turnover estimate validated by open-interest divisibility
AXISBANK,2021-04-29,1200,legacy NSE turnover estimate validated by open-interest divisibility
AXISBANK,2021-05-27,1200,legacy NSE turnover estimate validated by open-interest divisibility
AXISBANK,2021-06-24,1200,legacy NSE turnover estimate validated by open-interest divisibility
AXISBANK,2021-07-29,1200,legacy NSE turnover estimate validated by open-interest divisibility
AXISBANK,2021-08-26,1200,legacy NSE turnover estimate validated by open-interest divisibility
AXISBANK,2021-09-30,1200,legacy NSE turnover estimate validated by open-interest divisibility
AXISBANK,2021-10-28,1200,legacy NSE turnover estimate validated by open-interest divisibility
AXISBANK,2021-11-25,1200,legacy NSE turnover estimate validated by open-interest divisibility
AXISBANK,2021-12-30,1200,legacy NSE turnover estimate validated by open-interest divisibility
AXISBANK,2022-01-27,1200,legacy NSE turnover estimate validated by open-interest divisibility
AXISBANK,2022-02-24,1200,legacy NSE turnover estimate validated by open-interest divisibility
AXISBANK,2022-03-31,1200,legacy NSE turnover estimate validated by open-interest divisibility
AXISBANK,2022-04-28,1200,legacy NSE turnover estimate validated by open-interest divisibility
AXISBANK,2022-05-26,1200,legacy NSE turnover estimate validated by open-interest divisibility
AXISBANK,2022-06-30,1200,legacy NSE turnover estimate validated by open-interest divisibility
AXISBANK,2022-07-28,1200,legacy NSE turnover estimate validated by open-interest divisibility
AXISBANK,2022-08-25,1200,legacy NSE turnover estimate validated by open-interest divisibility
AXISBANK,2022-09-29,1200,legacy NSE turnover estimate validated by open-interest divisibility
AXISBANK,2022-10-27,1200,legacy NSE turnover estimate validated by open-interest divisibility
AXISBANK,2022-11-24,1200,legacy NSE turnover estimate validated by open-interest divisibility
AXISBANK,2022-12-29,1200,legacy NSE turnover estimate validated by open-interest divisibility
AXISBANK,2023-01-25,1200,legacy NSE turnover estimate validated by open-interest divisibility
AXISBANK,2023-02-23,1200,legacy NSE turnover estimate validated by open-interest divisibility
AXISBANK,2023-03-29,1200,legacy NSE turnover estimate validated by open-interest divisibility
AXISBANK,2023-04-27,1200,legacy NSE turnover estimate validated by open-interest divisibility
AXISBANK,2023-05-25,1200,legacy NSE turnover estimate validated by open-interest divisibility
AXISBANK,2023-06-29,1200,legacy NSE turnover estimate validated by open-interest divisibility
AXISBANK,2023-07-27,625,legacy NSE turnover estimate validated by open-interest divisibility
AXISBANK,2023-08-31,625,legacy NSE turnover estimate validated by open-interest divisibility
AXISBANK,2023-09-28,625,legacy NSE turnover estimate validated by open-interest divisibility
AXISBANK,2023-10-26,625,legacy NSE turnover estimate validated by open-interest divisibility
AXISBANK,2023-11-30,625,legacy NSE turnover estimate validated by open-interest divisibility
AXISBANK,2023-12-28,625,legacy NSE turnover estimate validated by open-interest divisibility
AXISBANK,2024-01-25,625,legacy NSE turnover estimate validated by open-interest divisibility
AXISBANK,2024-02-29,625,legacy NSE turnover estimate validated by open-interest divisibility
AXISBANK,2024-03-28,625,legacy NSE turnover estimate validated by open-interest divisibility
AXISBANK,2024-04-25,625,legacy NSE turnover estimate validated by open-interest divisibility
AXISBANK,2024-05-30,625,legacy NSE turnover estimate validated by open-interest divisibility
AXISBANK,2024-06-27,625,legacy NSE turnover estimate validated by open-interest divisibility
AXISBANK,2024-07-25,625,legacy NSE turnover estimate validated by open-interest divisibility
BAJFINANCE,2020-01-30,250,legacy NSE turnover estimate validated by open-interest divisibility
BAJFINANCE,2020-02-27,250,legacy NSE turnover estimate validated by open-interest divisibility
BAJFINANCE,2020-03-26,250,legacy NSE turnover estimate validated by open-interest divisibility
BAJFINANCE,2020-04-30,250,legacy NSE turnover estimate validated by open-interest divisibility
BAJFINANCE,2020-05-28,250,legacy NSE turnover estimate validated by open-interest divisibility
BAJFINANCE,2020-11-26,250,legacy NSE turnover estimate validated by open-interest divisibility
BAJFINANCE,2020-12-31,250,legacy NSE turnover estimate validated by open-interest divisibility
BAJFINANCE,2021-01-28,250,legacy NSE turnover estimate validated by open-interest divisibility
BAJFINANCE,2021-02-25,250,legacy NSE turnover estimate validated by open-interest divisibility
BAJFINANCE,2021-03-25,250,legacy NSE turnover estimate validated by open-interest divisibility
BAJFINANCE,2021-04-29,250,legacy NSE turnover estimate validated by open-interest divisibility
BAJFINANCE,2021-05-27,125,legacy NSE turnover estimate validated by open-interest divisibility
BAJFINANCE,2021-06-24,125,legacy NSE turnover estimate validated by open-interest divisibility
BAJFINANCE,2021-07-29,125,legacy NSE turnover estimate validated by open-interest divisibility
BAJFINANCE,2021-08-26,125,legacy NSE turnover estimate validated by open-interest divisibility
BAJFINANCE,2021-09-30,125,legacy NSE turnover estimate validated by open-interest divisibility
BAJFINANCE,2021-10-28,125,legacy NSE turnover estimate validated by open-interest divisibility
BAJFINANCE,2021-11-25,125,legacy NSE turnover estimate validated by open-interest divisibility
BAJFINANCE,2021-12-30,125,legacy NSE turnover estimate validated by open-interest divisibility
BAJFINANCE,2022-01-27,125,legacy NSE turnover estimate validated by open-interest divisibility
BAJFINANCE,2022-02-24,125,legacy NSE turnover estimate validated by open-interest divisibility
BAJFINANCE,2022-03-31,125,legacy NSE turnover estimate validated by open-interest divisibility
BAJFINANCE,2022-04-28,125,legacy NSE turnover estimate validated by open-interest divisibility
BAJFINANCE,2022-05-26,125,legacy NSE turnover estimate validated by open-interest divisibility
BAJFINANCE,2022-06-30,125,legacy NSE turnover estimate validated by open-interest divisibility
BAJFINANCE,2022-07-28,125,legacy NSE turnover estimate validated by open-interest divisibility
BAJFINANCE,2022-08-25,125,legacy NSE turnover estimate validated by open-interest divisibility
BAJFINANCE,2022-09-29,125,legacy NSE turnover estimate validated by open-interest divisibility
BAJFINANCE,2022-10-27,125,legacy NSE turnover estimate validated by open-interest divisibility
BAJFINANCE,2022-11-24,125,legacy NSE turnover estimate validated by open-interest divisibility
BAJFINANCE,2022-12-29,125,legacy NSE turnover estimate validated by open-interest divisibility
BAJFINANCE,2023-01-25,125,legacy NSE turnover estimate validated by open-interest divisibility
BAJFINANCE,2023-02-23,125,legacy NSE turnover estimate validated by open-interest divisibility
BAJFINANCE,2023-03-29,125,legacy NSE turnover estimate validated by open-interest divisibility
BAJFINANCE,2023-04-27,125,legacy NSE turnover estimate validated by open-interest divisibility
BAJFINANCE,2023-05-25,125,legacy NSE turnover estimate validated by open-interest divisibility
BAJFINANCE,2023-06-29,125,legacy NSE turnover estimate validated by open-interest divisibility
BAJFINANCE,2023-07-27,125,legacy NSE turnover estimate validated by open-interest divisibility
BAJFINANCE,2023-08-31,125,legacy NSE turnover estimate validated by open-interest divisibility
BAJFINANCE,2023-09-28,125,legacy NSE turnover estimate validated by open-interest divisibility
BAJFINANCE,2023-10-26,125,legacy NSE turnover estimate validated by open-interest divisibility
BAJFINANCE,2023-11-30,125,legacy NSE turnover estimate validated by open-interest divisibility
BAJFINANCE,2023-12-28,125,legacy NSE turnover estimate validated by open-interest divisibility
BAJFINANCE,2024-01-25,125,legacy NSE turnover estimate validated by open-interest divisibility
BAJFINANCE,2024-02-29,125,legacy NSE turnover estimate validated by open-interest divisibility
BAJFINANCE,2024-03-28,125,legacy NSE turnover estimate validated by open-interest divisibility
BAJFINANCE,2024-04-25,125,legacy NSE turnover estimate validated by open-interest divisibility
BAJFINANCE,2024-05-30,125,legacy NSE turnover estimate validated by open-interest divisibility
BAJFINANCE,2024-06-27,125,legacy NSE turnover estimate validated by open-interest divisibility
BAJFINANCE,2024-07-25,125,legacy NSE turnover estimate validated by open-interest divisibility
BHARTIARTL,2020-01-30,1851,legacy NSE open-interest divisibility; BHARTIARTL rights-period lots use NSE FAOP49720
BHARTIARTL,2020-02-27,1851,legacy NSE open-interest divisibility; BHARTIARTL rights-period lots use NSE FAOP49720
BHARTIARTL,2020-03-26,1851,legacy NSE open-interest divisibility; BHARTIARTL rights-period lots use NSE FAOP49720
BHARTIARTL,2020-04-30,1851,legacy NSE open-interest divisibility; BHARTIARTL rights-period lots use NSE FAOP49720
BHARTIARTL,2020-05-28,1851,legacy NSE open-interest divisibility; BHARTIARTL rights-period lots use NSE FAOP49720
BHARTIARTL,2020-06-25,1851,legacy NSE open-interest divisibility; BHARTIARTL rights-period lots use NSE FAOP49720
BHARTIARTL,2020-07-30,1851,legacy NSE open-interest divisibility; BHARTIARTL rights-period lots use NSE FAOP49720
BHARTIARTL,2020-08-27,1851,legacy NSE open-interest divisibility; BHARTIARTL rights-period lots use NSE FAOP49720
BHARTIARTL,2020-09-24,1851,legacy NSE open-interest divisibility; BHARTIARTL rights-period lots use NSE FAOP49720
BHARTIARTL,2020-10-29,1851,legacy NSE open-interest divisibility; BHARTIARTL rights-period lots use NSE FAOP49720
BHARTIARTL,2020-11-26,1851,legacy NSE open-interest divisibility; BHARTIARTL rights-period lots use NSE FAOP49720
BHARTIARTL,2020-12-31,1851,legacy NSE open-interest divisibility; BHARTIARTL rights-period lots use NSE FAOP49720
BHARTIARTL,2021-01-28,1851,legacy NSE open-interest divisibility; BHARTIARTL rights-period lots use NSE FAOP49720
BHARTIARTL,2021-02-25,1851,legacy NSE open-interest divisibility; BHARTIARTL rights-period lots use NSE FAOP49720
BHARTIARTL,2021-03-25,1851,legacy NSE open-interest divisibility; BHARTIARTL rights-period lots use NSE FAOP49720
BHARTIARTL,2021-04-29,1851,legacy NSE open-interest divisibility; BHARTIARTL rights-period lots use NSE FAOP49720
BHARTIARTL,2021-05-27,1851,legacy NSE open-interest divisibility; BHARTIARTL rights-period lots use NSE FAOP49720
BHARTIARTL,2021-06-24,1851,legacy NSE open-interest divisibility; BHARTIARTL rights-period lots use NSE FAOP49720
BHARTIARTL,2021-07-29,1851,legacy NSE open-interest divisibility; BHARTIARTL rights-period lots use NSE FAOP49720
BHARTIARTL,2021-08-26,1851,legacy NSE open-interest divisibility; BHARTIARTL rights-period lots use NSE FAOP49720
BHARTIARTL,2021-09-30,1886,legacy NSE open-interest divisibility; BHARTIARTL rights-period lots use NSE FAOP49720
BHARTIARTL,2021-10-28,1886,legacy NSE open-interest divisibility; BHARTIARTL rights-period lots use NSE FAOP49720
BHARTIARTL,2021-11-25,1886,legacy NSE open-interest divisibility; BHARTIARTL rights-period lots use NSE FAOP49720
BHARTIARTL,2021-12-30,1886,legacy NSE open-interest divisibility; BHARTIARTL rights-period lots use NSE FAOP49720
BHARTIARTL,2022-01-27,950,legacy NSE open-interest divisibility; BHARTIARTL rights-period lots use NSE FAOP49720
BHARTIARTL,2022-02-24,950,legacy NSE open-interest divisibility; BHARTIARTL rights-period lots use NSE FAOP49720
BHARTIARTL,2022-03-31,950,legacy NSE open-interest divisibility; BHARTIARTL rights-period lots use NSE FAOP49720
BHARTIARTL,2022-04-28,950,legacy NSE open-interest divisibility; BHARTIARTL rights-period lots use NSE FAOP49720
BHARTIARTL,2022-05-26,950,legacy NSE open-interest divisibility; BHARTIARTL rights-period lots use NSE FAOP49720
BHARTIARTL,2022-06-30,950,legacy NSE open-interest divisibility; BHARTIARTL rights-period lots use NSE FAOP49720
BHARTIARTL,2022-07-28,950,legacy NSE open-interest divisibility; BHARTIARTL rights-period lots use NSE FAOP49720
BHARTIARTL,2022-08-25,950,legacy NSE open-interest divisibility; BHARTIARTL rights-period lots use NSE FAOP49720
BHARTIARTL,2022-09-29,950,legacy NSE open-interest divisibility; BHARTIARTL rights-period lots use NSE FAOP49720
BHARTIARTL,2022-10-27,950,legacy NSE open-interest divisibility; BHARTIARTL rights-period lots use NSE FAOP49720
BHARTIARTL,2022-11-24,950,legacy NSE open-interest divisibility; BHARTIARTL rights-period lots use NSE FAOP49720
BHARTIARTL,2022-12-29,950,legacy NSE open-interest divisibility; BHARTIARTL rights-period lots use NSE FAOP49720
BHARTIARTL,2023-01-25,950,legacy NSE open-interest divisibility; BHARTIARTL rights-period lots use NSE FAOP49720
BHARTIARTL,2023-02-23,950,legacy NSE open-interest divisibility; BHARTIARTL rights-period lots use NSE FAOP49720
BHARTIARTL,2023-03-29,950,legacy NSE open-interest divisibility; BHARTIARTL rights-period lots use NSE FAOP49720
BHARTIARTL,2023-04-27,950,legacy NSE open-interest divisibility; BHARTIARTL rights-period lots use NSE FAOP49720
BHARTIARTL,2023-05-25,950,legacy NSE open-interest divisibility; BHARTIARTL rights-period lots use NSE FAOP49720
BHARTIARTL,2023-06-28,950,legacy NSE open-interest divisibility; BHARTIARTL rights-period lots use NSE FAOP49720
BHARTIARTL,2023-06-29,950,legacy NSE open-interest divisibility; BHARTIARTL rights-period lots use NSE FAOP49720
BHARTIARTL,2023-07-27,950,legacy NSE open-interest divisibility; BHARTIARTL rights-period lots use NSE FAOP49720
BHARTIARTL,2023-08-31,950,legacy NSE open-interest divisibility; BHARTIARTL rights-period lots use NSE FAOP49720
BHARTIARTL,2023-09-28,950,legacy NSE open-interest divisibility; BHARTIARTL rights-period lots use NSE FAOP49720
BHARTIARTL,2023-10-26,950,legacy NSE open-interest divisibility; BHARTIARTL rights-period lots use NSE FAOP49720
BHARTIARTL,2023-11-30,950,legacy NSE open-interest divisibility; BHARTIARTL rights-period lots use NSE FAOP49720
BHARTIARTL,2023-12-28,950,legacy NSE open-interest divisibility; BHARTIARTL rights-period lots use NSE FAOP49720
BHARTIARTL,2024-01-25,950,legacy NSE open-interest divisibility; BHARTIARTL rights-period lots use NSE FAOP49720
BHARTIARTL,2024-02-29,950,legacy NSE open-interest divisibility; BHARTIARTL rights-period lots use NSE FAOP49720
BHARTIARTL,2024-03-28,950,legacy NSE open-interest divisibility; BHARTIARTL rights-period lots use NSE FAOP49720
BHARTIARTL,2024-04-25,950,legacy NSE open-interest divisibility; BHARTIARTL rights-period lots use NSE FAOP49720
BHARTIARTL,2024-05-30,475,legacy NSE open-interest divisibility; BHARTIARTL rights-period lots use NSE FAOP49720
BHARTIARTL,2024-06-27,475,legacy NSE open-interest divisibility; BHARTIARTL rights-period lots use NSE FAOP49720
BHARTIARTL,2024-07-25,475,legacy NSE open-interest divisibility; BHARTIARTL rights-period lots use NSE FAOP49720
BHARTIARTL,2024-08-29,475,legacy NSE open-interest divisibility; BHARTIARTL rights-period lots use NSE FAOP49720
BHARTIARTL,2024-09-26,475,legacy NSE open-interest divisibility; BHARTIARTL rights-period lots use NSE FAOP49720
ICICIBANK,2020-01-30,1375,legacy NSE turnover estimate validated by open-interest divisibility
ICICIBANK,2020-02-27,1375,legacy NSE turnover estimate validated by open-interest divisibility
ICICIBANK,2020-03-26,1375,legacy NSE turnover estimate validated by open-interest divisibility
ICICIBANK,2020-04-30,1375,legacy NSE turnover estimate validated by open-interest divisibility
ICICIBANK,2020-05-28,1375,legacy NSE turnover estimate validated by open-interest divisibility
ICICIBANK,2020-06-25,1375,legacy NSE turnover estimate validated by open-interest divisibility
ICICIBANK,2020-07-30,1375,legacy NSE turnover estimate validated by open-interest divisibility
ICICIBANK,2020-09-24,1375,legacy NSE turnover estimate validated by open-interest divisibility
ICICIBANK,2020-10-29,1375,legacy NSE turnover estimate validated by open-interest divisibility
ICICIBANK,2020-11-26,1375,legacy NSE turnover estimate validated by open-interest divisibility
ICICIBANK,2020-12-31,1375,legacy NSE turnover estimate validated by open-interest divisibility
ICICIBANK,2021-01-28,1375,legacy NSE turnover estimate validated by open-interest divisibility
ICICIBANK,2021-02-25,1375,legacy NSE turnover estimate validated by open-interest divisibility
ICICIBANK,2021-03-25,1375,legacy NSE turnover estimate validated by open-interest divisibility
ICICIBANK,2021-04-29,1375,legacy NSE turnover estimate validated by open-interest divisibility
ICICIBANK,2021-05-27,1375,legacy NSE turnover estimate validated by open-interest divisibility
ICICIBANK,2021-06-24,1375,legacy NSE turnover estimate validated by open-interest divisibility
ICICIBANK,2021-07-29,1375,legacy NSE turnover estimate validated by open-interest divisibility
ICICIBANK,2021-08-26,1375,legacy NSE turnover estimate validated by open-interest divisibility
ICICIBANK,2021-09-30,1375,legacy NSE turnover estimate validated by open-interest divisibility
ICICIBANK,2021-10-28,1375,legacy NSE turnover estimate validated by open-interest divisibility
ICICIBANK,2021-11-25,1375,legacy NSE turnover estimate validated by open-interest divisibility
ICICIBANK,2021-12-30,1375,legacy NSE turnover estimate validated by open-interest divisibility
ICICIBANK,2022-01-27,1375,legacy NSE turnover estimate validated by open-interest divisibility
ICICIBANK,2022-02-24,1375,legacy NSE turnover estimate validated by open-interest divisibility
ICICIBANK,2022-03-31,1375,legacy NSE turnover estimate validated by open-interest divisibility
ICICIBANK,2022-04-28,1375,legacy NSE turnover estimate validated by open-interest divisibility
ICICIBANK,2022-05-26,1375,legacy NSE turnover estimate validated by open-interest divisibility
ICICIBANK,2022-06-30,1375,legacy NSE turnover estimate validated by open-interest divisibility
ICICIBANK,2022-07-28,1375,legacy NSE turnover estimate validated by open-interest divisibility
ICICIBANK,2022-08-25,1375,legacy NSE turnover estimate validated by open-interest divisibility
ICICIBANK,2022-09-29,1375,legacy NSE turnover estimate validated by open-interest divisibility
ICICIBANK,2022-10-27,1375,legacy NSE turnover estimate validated by open-interest divisibility
ICICIBANK,2022-11-24,1375,legacy NSE turnover estimate validated by open-interest divisibility
ICICIBANK,2022-12-29,1375,legacy NSE turnover estimate validated by open-interest divisibility
ICICIBANK,2023-01-25,700,legacy NSE turnover estimate validated by open-interest divisibility
ICICIBANK,2023-02-23,700,legacy NSE turnover estimate validated by open-interest divisibility
ICICIBANK,2023-03-29,700,legacy NSE turnover estimate validated by open-interest divisibility
ICICIBANK,2023-04-27,700,legacy NSE turnover estimate validated by open-interest divisibility
ICICIBANK,2023-05-25,700,legacy NSE turnover estimate validated by open-interest divisibility
ICICIBANK,2023-06-29,700,legacy NSE turnover estimate validated by open-interest divisibility
ICICIBANK,2023-07-27,700,legacy NSE turnover estimate validated by open-interest divisibility
ICICIBANK,2023-08-31,700,legacy NSE turnover estimate validated by open-interest divisibility
ICICIBANK,2023-09-28,700,legacy NSE turnover estimate validated by open-interest divisibility
ICICIBANK,2023-10-26,700,legacy NSE turnover estimate validated by open-interest divisibility
ICICIBANK,2023-11-30,700,legacy NSE turnover estimate validated by open-interest divisibility
ICICIBANK,2023-12-28,700,legacy NSE turnover estimate validated by open-interest divisibility
ICICIBANK,2024-01-25,700,legacy NSE turnover estimate validated by open-interest divisibility
ICICIBANK,2024-02-29,700,legacy NSE turnover estimate validated by open-interest divisibility
ICICIBANK,2024-03-28,700,legacy NSE turnover estimate validated by open-interest divisibility
ICICIBANK,2024-04-25,700,legacy NSE turnover estimate validated by open-interest divisibility
ICICIBANK,2024-05-30,700,legacy NSE turnover estimate validated by open-interest divisibility
ICICIBANK,2024-06-27,700,legacy NSE turnover estimate validated by open-interest divisibility
ICICIBANK,2024-07-25,700,legacy NSE turnover estimate validated by open-interest divisibility
INDUSINDBK,2020-01-30,400,legacy NSE open-interest divisibility; BHARTIARTL rights-period lots use NSE FAOP49720
INDUSINDBK,2020-02-27,400,legacy NSE open-interest divisibility; BHARTIARTL rights-period lots use NSE FAOP49720
INDUSINDBK,2020-03-26,400,legacy NSE open-interest divisibility; BHARTIARTL rights-period lots use NSE FAOP49720
INDUSINDBK,2020-04-30,400,legacy NSE open-interest divisibility; BHARTIARTL rights-period lots use NSE FAOP49720
INDUSINDBK,2020-05-28,400,legacy NSE open-interest divisibility; BHARTIARTL rights-period lots use NSE FAOP49720
INDUSINDBK,2020-06-25,400,legacy NSE open-interest divisibility; BHARTIARTL rights-period lots use NSE FAOP49720
INDUSINDBK,2020-07-30,800,legacy NSE open-interest divisibility; BHARTIARTL rights-period lots use NSE FAOP49720
INDUSINDBK,2020-08-27,800,legacy NSE open-interest divisibility; BHARTIARTL rights-period lots use NSE FAOP49720
INDUSINDBK,2020-09-24,800,legacy NSE open-interest divisibility; BHARTIARTL rights-period lots use NSE FAOP49720
INDUSINDBK,2020-10-29,800,legacy NSE open-interest divisibility; BHARTIARTL rights-period lots use NSE FAOP49720
INDUSINDBK,2020-11-26,800,legacy NSE open-interest divisibility; BHARTIARTL rights-period lots use NSE FAOP49720
INDUSINDBK,2020-12-31,800,legacy NSE open-interest divisibility; BHARTIARTL rights-period lots use NSE FAOP49720
INDUSINDBK,2021-01-28,900,legacy NSE open-interest divisibility; BHARTIARTL rights-period lots use NSE FAOP49720
INDUSINDBK,2021-02-25,900,legacy NSE open-interest divisibility; BHARTIARTL rights-period lots use NSE FAOP49720
INDUSINDBK,2021-03-25,900,legacy NSE open-interest divisibility; BHARTIARTL rights-period lots use NSE FAOP49720
INDUSINDBK,2021-04-29,900,legacy NSE open-interest divisibility; BHARTIARTL rights-period lots use NSE FAOP49720
INDUSINDBK,2021-05-27,900,legacy NSE open-interest divisibility; BHARTIARTL rights-period lots use NSE FAOP49720
INDUSINDBK,2021-06-24,900,legacy NSE open-interest divisibility; BHARTIARTL rights-period lots use NSE FAOP49720
INDUSINDBK,2021-07-29,900,legacy NSE open-interest divisibility; BHARTIARTL rights-period lots use NSE FAOP49720
INDUSINDBK,2021-08-26,900,legacy NSE open-interest divisibility; BHARTIARTL rights-period lots use NSE FAOP49720
INDUSINDBK,2021-09-30,900,legacy NSE open-interest divisibility; BHARTIARTL rights-period lots use NSE FAOP49720
INDUSINDBK,2021-10-28,900,legacy NSE open-interest divisibility; BHARTIARTL rights-period lots use NSE FAOP49720
INDUSINDBK,2021-11-25,900,legacy NSE open-interest divisibility; BHARTIARTL rights-period lots use NSE FAOP49720
INDUSINDBK,2021-12-30,900,legacy NSE open-interest divisibility; BHARTIARTL rights-period lots use NSE FAOP49720
INDUSINDBK,2022-01-27,900,legacy NSE open-interest divisibility; BHARTIARTL rights-period lots use NSE FAOP49720
INDUSINDBK,2022-02-24,900,legacy NSE open-interest divisibility; BHARTIARTL rights-period lots use NSE FAOP49720
INDUSINDBK,2022-03-31,900,legacy NSE open-interest divisibility; BHARTIARTL rights-period lots use NSE FAOP49720
INDUSINDBK,2022-04-28,900,legacy NSE open-interest divisibility; BHARTIARTL rights-period lots use NSE FAOP49720
INDUSINDBK,2022-05-26,900,legacy NSE open-interest divisibility; BHARTIARTL rights-period lots use NSE FAOP49720
INDUSINDBK,2022-06-30,900,legacy NSE open-interest divisibility; BHARTIARTL rights-period lots use NSE FAOP49720
INDUSINDBK,2022-07-28,900,legacy NSE open-interest divisibility; BHARTIARTL rights-period lots use NSE FAOP49720
INDUSINDBK,2022-08-25,900,legacy NSE open-interest divisibility; BHARTIARTL rights-period lots use NSE FAOP49720
INDUSINDBK,2022-09-29,900,legacy NSE open-interest divisibility; BHARTIARTL rights-period lots use NSE FAOP49720
INDUSINDBK,2022-10-27,900,legacy NSE open-interest divisibility; BHARTIARTL rights-period lots use NSE FAOP49720
INDUSINDBK,2022-11-24,450,legacy NSE open-interest divisibility; BHARTIARTL rights-period lots use NSE FAOP49720
INDUSINDBK,2022-12-29,450,legacy NSE open-interest divisibility; BHARTIARTL rights-period lots use NSE FAOP49720
INDUSINDBK,2023-01-25,450,legacy NSE open-interest divisibility; BHARTIARTL rights-period lots use NSE FAOP49720
INDUSINDBK,2023-02-23,450,legacy NSE open-interest divisibility; BHARTIARTL rights-period lots use NSE FAOP49720
INDUSINDBK,2023-03-29,450,legacy NSE open-interest divisibility; BHARTIARTL rights-period lots use NSE FAOP49720
INDUSINDBK,2023-04-27,450,legacy NSE open-interest divisibility; BHARTIARTL rights-period lots use NSE FAOP49720
INDUSINDBK,2023-05-25,450,legacy NSE open-interest divisibility; BHARTIARTL rights-period lots use NSE FAOP49720
INDUSINDBK,2023-06-28,450,legacy NSE open-interest divisibility; BHARTIARTL rights-period lots use NSE FAOP49720
INDUSINDBK,2023-06-29,450,legacy NSE open-interest divisibility; BHARTIARTL rights-period lots use NSE FAOP49720
INDUSINDBK,2023-07-27,500,legacy NSE open-interest divisibility; BHARTIARTL rights-period lots use NSE FAOP49720
INDUSINDBK,2023-08-31,500,legacy NSE open-interest divisibility; BHARTIARTL rights-period lots use NSE FAOP49720
INDUSINDBK,2023-09-28,500,legacy NSE open-interest divisibility; BHARTIARTL rights-period lots use NSE FAOP49720
INDUSINDBK,2023-10-26,500,legacy NSE open-interest divisibility; BHARTIARTL rights-period lots use NSE FAOP49720
INDUSINDBK,2023-11-30,500,legacy NSE open-interest divisibility; BHARTIARTL rights-period lots use NSE FAOP49720
INDUSINDBK,2023-12-28,500,legacy NSE open-interest divisibility; BHARTIARTL rights-period lots use NSE FAOP49720
INDUSINDBK,2024-01-25,500,legacy NSE open-interest divisibility; BHARTIARTL rights-period lots use NSE FAOP49720
INDUSINDBK,2024-02-29,500,legacy NSE open-interest divisibility; BHARTIARTL rights-period lots use NSE FAOP49720
INDUSINDBK,2024-03-28,500,legacy NSE open-interest divisibility; BHARTIARTL rights-period lots use NSE FAOP49720
INDUSINDBK,2024-04-25,500,legacy NSE open-interest divisibility; BHARTIARTL rights-period lots use NSE FAOP49720
INDUSINDBK,2024-05-30,500,legacy NSE open-interest divisibility; BHARTIARTL rights-period lots use NSE FAOP49720
INDUSINDBK,2024-06-27,500,legacy NSE open-interest divisibility; BHARTIARTL rights-period lots use NSE FAOP49720
INDUSINDBK,2024-07-25,500,legacy NSE open-interest divisibility; BHARTIARTL rights-period lots use NSE FAOP49720
INDUSINDBK,2024-08-29,500,legacy NSE open-interest divisibility; BHARTIARTL rights-period lots use NSE FAOP49720
INDUSINDBK,2024-09-26,500,legacy NSE open-interest divisibility; BHARTIARTL rights-period lots use NSE FAOP49720
INFY,2020-01-30,1200,legacy NSE turnover estimate validated by open-interest divisibility
INFY,2020-02-27,1200,legacy NSE turnover estimate validated by open-interest divisibility
INFY,2020-03-26,1200,legacy NSE turnover estimate validated by open-interest divisibility
INFY,2020-04-30,1200,legacy NSE turnover estimate validated by open-interest divisibility
INFY,2020-05-28,1200,legacy NSE turnover estimate validated by open-interest divisibility
INFY,2020-06-25,1200,legacy NSE turnover estimate validated by open-interest divisibility
INFY,2020-07-30,1200,legacy NSE turnover estimate validated by open-interest divisibility
INFY,2020-08-27,1200,legacy NSE turnover estimate validated by open-interest divisibility
INFY,2020-09-24,1200,legacy NSE turnover estimate validated by open-interest divisibility
INFY,2020-10-29,1200,legacy NSE turnover estimate validated by open-interest divisibility
INFY,2020-11-26,600,legacy NSE turnover estimate validated by open-interest divisibility
INFY,2020-12-31,600,legacy NSE turnover estimate validated by open-interest divisibility
INFY,2021-01-28,600,legacy NSE turnover estimate validated by open-interest divisibility
INFY,2021-02-25,600,legacy NSE turnover estimate validated by open-interest divisibility
INFY,2021-03-25,600,legacy NSE turnover estimate validated by open-interest divisibility
INFY,2021-04-29,600,legacy NSE turnover estimate validated by open-interest divisibility
INFY,2021-05-27,600,legacy NSE turnover estimate validated by open-interest divisibility
INFY,2021-06-24,600,legacy NSE turnover estimate validated by open-interest divisibility
INFY,2021-07-29,600,legacy NSE turnover estimate validated by open-interest divisibility
INFY,2021-08-26,600,legacy NSE turnover estimate validated by open-interest divisibility
INFY,2021-09-30,600,legacy NSE turnover estimate validated by open-interest divisibility
INFY,2021-10-28,600,legacy NSE turnover estimate validated by open-interest divisibility
INFY,2021-11-25,300,legacy NSE turnover estimate validated by open-interest divisibility
INFY,2021-12-30,300,legacy NSE turnover estimate validated by open-interest divisibility
INFY,2022-01-27,300,legacy NSE turnover estimate validated by open-interest divisibility
INFY,2022-02-24,300,legacy NSE turnover estimate validated by open-interest divisibility
INFY,2022-03-31,300,legacy NSE turnover estimate validated by open-interest divisibility
INFY,2022-04-28,300,legacy NSE turnover estimate validated by open-interest divisibility
INFY,2022-05-26,300,legacy NSE turnover estimate validated by open-interest divisibility
INFY,2022-06-30,300,legacy NSE turnover estimate validated by open-interest divisibility
INFY,2022-07-28,300,legacy NSE turnover estimate validated by open-interest divisibility
INFY,2022-08-25,300,legacy NSE turnover estimate validated by open-interest divisibility
INFY,2022-09-29,300,legacy NSE turnover estimate validated by open-interest divisibility
INFY,2022-10-27,300,legacy NSE turnover estimate validated by open-interest divisibility
INFY,2022-11-24,300,legacy NSE turnover estimate validated by open-interest divisibility
INFY,2022-12-29,300,legacy NSE turnover estimate validated by open-interest divisibility
INFY,2023-01-25,400,legacy NSE turnover estimate validated by open-interest divisibility
INFY,2023-02-23,400,legacy NSE turnover estimate validated by open-interest divisibility
INFY,2023-03-29,400,legacy NSE turnover estimate validated by open-interest divisibility
INFY,2023-04-27,400,legacy NSE turnover estimate validated by open-interest divisibility
INFY,2023-05-25,400,legacy NSE turnover estimate validated by open-interest divisibility
INFY,2023-12-28,400,legacy NSE turnover estimate validated by open-interest divisibility
INFY,2024-01-25,400,legacy NSE turnover estimate validated by open-interest divisibility
INFY,2024-02-29,400,legacy NSE turnover estimate validated by open-interest divisibility
INFY,2024-03-28,400,legacy NSE turnover estimate validated by open-interest divisibility
INFY,2024-04-25,400,legacy NSE turnover estimate validated by open-interest divisibility
INFY,2024-05-30,400,legacy NSE turnover estimate validated by open-interest divisibility
INFY,2024-07-25,400,legacy NSE turnover estimate validated by open-interest divisibility
KOTAKBANK,2020-01-30,400,legacy NSE turnover estimate validated by open-interest divisibility
KOTAKBANK,2020-02-27,400,legacy NSE turnover estimate validated by open-interest divisibility
KOTAKBANK,2020-03-26,400,legacy NSE turnover estimate validated by open-interest divisibility
KOTAKBANK,2020-04-30,400,legacy NSE turnover estimate validated by open-interest divisibility
KOTAKBANK,2020-05-28,400,legacy NSE turnover estimate validated by open-interest divisibility
KOTAKBANK,2020-06-25,400,legacy NSE turnover estimate validated by open-interest divisibility
KOTAKBANK,2020-07-30,400,legacy NSE turnover estimate validated by open-interest divisibility
KOTAKBANK,2020-08-27,400,legacy NSE turnover estimate validated by open-interest divisibility
KOTAKBANK,2020-09-24,400,legacy NSE turnover estimate validated by open-interest divisibility
KOTAKBANK,2020-10-29,400,legacy NSE turnover estimate validated by open-interest divisibility
KOTAKBANK,2020-11-26,400,legacy NSE turnover estimate validated by open-interest divisibility
KOTAKBANK,2020-12-31,400,legacy NSE turnover estimate validated by open-interest divisibility
KOTAKBANK,2021-01-28,400,legacy NSE turnover estimate validated by open-interest divisibility
KOTAKBANK,2021-02-25,400,legacy NSE turnover estimate validated by open-interest divisibility
KOTAKBANK,2021-03-25,400,legacy NSE turnover estimate validated by open-interest divisibility
KOTAKBANK,2021-04-29,400,legacy NSE turnover estimate validated by open-interest divisibility
KOTAKBANK,2021-05-27,400,legacy NSE turnover estimate validated by open-interest divisibility
KOTAKBANK,2021-06-24,400,legacy NSE turnover estimate validated by open-interest divisibility
KOTAKBANK,2021-07-29,400,legacy NSE turnover estimate validated by open-interest divisibility
KOTAKBANK,2021-08-26,400,legacy NSE turnover estimate validated by open-interest divisibility
KOTAKBANK,2021-09-30,400,legacy NSE turnover estimate validated by open-interest divisibility
KOTAKBANK,2021-10-28,400,legacy NSE turnover estimate validated by open-interest divisibility
KOTAKBANK,2021-11-25,400,legacy NSE turnover estimate validated by open-interest divisibility
KOTAKBANK,2021-12-30,400,legacy NSE turnover estimate validated by open-interest divisibility
KOTAKBANK,2022-01-27,400,legacy NSE turnover estimate validated by open-interest divisibility
KOTAKBANK,2022-02-24,400,legacy NSE turnover estimate validated by open-interest divisibility
KOTAKBANK,2022-03-31,400,legacy NSE turnover estimate validated by open-interest divisibility
KOTAKBANK,2022-04-28,400,legacy NSE turnover estimate validated by open-interest divisibility
KOTAKBANK,2022-05-26,400,legacy NSE turnover estimate validated by open-interest divisibility
KOTAKBANK,2022-06-30,400,legacy NSE turnover estimate validated by open-interest divisibility
KOTAKBANK,2022-07-28,400,legacy NSE turnover estimate validated by open-interest divisibility
KOTAKBANK,2022-08-25,400,legacy NSE turnover estimate validated by open-interest divisibility
KOTAKBANK,2022-09-29,400,legacy NSE turnover estimate validated by open-interest divisibility
KOTAKBANK,2022-10-27,400,legacy NSE turnover estimate validated by open-interest divisibility
KOTAKBANK,2022-11-24,400,legacy NSE turnover estimate validated by open-interest divisibility
KOTAKBANK,2022-12-29,400,legacy NSE turnover estimate validated by open-interest divisibility
KOTAKBANK,2023-01-25,400,legacy NSE turnover estimate validated by open-interest divisibility
KOTAKBANK,2023-02-23,400,legacy NSE turnover estimate validated by open-interest divisibility
KOTAKBANK,2023-03-29,400,legacy NSE turnover estimate validated by open-interest divisibility
KOTAKBANK,2023-04-27,400,legacy NSE turnover estimate validated by open-interest divisibility
KOTAKBANK,2023-05-25,400,legacy NSE turnover estimate validated by open-interest divisibility
KOTAKBANK,2023-06-29,400,legacy NSE turnover estimate validated by open-interest divisibility
KOTAKBANK,2023-07-27,400,legacy NSE turnover estimate validated by open-interest divisibility
KOTAKBANK,2023-08-31,400,legacy NSE turnover estimate validated by open-interest divisibility
KOTAKBANK,2023-09-28,400,legacy NSE turnover estimate validated by open-interest divisibility
KOTAKBANK,2023-10-26,400,legacy NSE turnover estimate validated by open-interest divisibility
KOTAKBANK,2023-11-30,400,legacy NSE turnover estimate validated by open-interest divisibility
KOTAKBANK,2023-12-28,400,legacy NSE turnover estimate validated by open-interest divisibility
KOTAKBANK,2024-01-25,400,legacy NSE turnover estimate validated by open-interest divisibility
KOTAKBANK,2024-02-29,400,legacy NSE turnover estimate validated by open-interest divisibility
KOTAKBANK,2024-03-28,400,legacy NSE turnover estimate validated by open-interest divisibility
KOTAKBANK,2024-04-25,400,legacy NSE turnover estimate validated by open-interest divisibility
KOTAKBANK,2024-05-30,400,legacy NSE turnover estimate validated by open-interest divisibility
KOTAKBANK,2024-06-27,400,legacy NSE turnover estimate validated by open-interest divisibility
KOTAKBANK,2024-07-25,400,legacy NSE turnover estimate validated by open-interest divisibility
RELIANCE,2020-01-30,500,legacy NSE turnover estimate validated by open-interest divisibility
RELIANCE,2020-02-27,500,legacy NSE turnover estimate validated by open-interest divisibility
RELIANCE,2020-03-26,500,legacy NSE turnover estimate validated by open-interest divisibility
RELIANCE,2020-04-30,500,legacy NSE turnover estimate validated by open-interest divisibility
RELIANCE,2020-05-28,500,legacy NSE turnover estimate validated by open-interest divisibility
RELIANCE,2020-06-25,505,legacy NSE turnover estimate validated by open-interest divisibility
RELIANCE,2020-07-30,505,legacy NSE turnover estimate validated by open-interest divisibility
RELIANCE,2020-08-27,505,legacy NSE turnover estimate validated by open-interest divisibility
RELIANCE,2020-09-24,505,legacy NSE turnover estimate validated by open-interest divisibility
RELIANCE,2020-10-29,505,legacy NSE turnover estimate validated by open-interest divisibility
RELIANCE,2020-11-26,505,legacy NSE turnover estimate validated by open-interest divisibility
RELIANCE,2020-12-31,505,legacy NSE turnover estimate validated by open-interest divisibility
RELIANCE,2021-01-28,250,legacy NSE turnover estimate validated by open-interest divisibility
RELIANCE,2021-02-25,250,legacy NSE turnover estimate validated by open-interest divisibility
RELIANCE,2021-03-25,250,legacy NSE turnover estimate validated by open-interest divisibility
RELIANCE,2021-04-29,250,legacy NSE turnover estimate validated by open-interest divisibility
RELIANCE,2021-05-27,250,legacy NSE turnover estimate validated by open-interest divisibility
RELIANCE,2021-06-24,250,legacy NSE turnover estimate validated by open-interest divisibility
RELIANCE,2021-07-29,250,legacy NSE turnover estimate validated by open-interest divisibility
RELIANCE,2021-08-26,250,legacy NSE turnover estimate validated by open-interest divisibility
RELIANCE,2021-09-30,250,legacy NSE turnover estimate validated by open-interest divisibility
RELIANCE,2021-10-28,250,legacy NSE turnover estimate validated by open-interest divisibility
RELIANCE,2021-11-25,250,legacy NSE turnover estimate validated by open-interest divisibility
RELIANCE,2021-12-30,250,legacy NSE turnover estimate validated by open-interest divisibility
RELIANCE,2022-01-27,250,legacy NSE turnover estimate validated by open-interest divisibility
RELIANCE,2022-02-24,250,legacy NSE turnover estimate validated by open-interest divisibility
RELIANCE,2022-03-31,250,legacy NSE turnover estimate validated by open-interest divisibility
RELIANCE,2022-04-28,250,legacy NSE turnover estimate validated by open-interest divisibility
RELIANCE,2022-05-26,250,legacy NSE turnover estimate validated by open-interest divisibility
RELIANCE,2022-06-30,250,legacy NSE turnover estimate validated by open-interest divisibility
RELIANCE,2022-07-28,250,legacy NSE turnover estimate validated by open-interest divisibility
RELIANCE,2022-08-25,250,legacy NSE turnover estimate validated by open-interest divisibility
RELIANCE,2022-09-29,250,legacy NSE turnover estimate validated by open-interest divisibility
RELIANCE,2022-10-27,250,legacy NSE turnover estimate validated by open-interest divisibility
RELIANCE,2022-11-24,250,legacy NSE turnover estimate validated by open-interest divisibility
RELIANCE,2022-12-29,250,legacy NSE turnover estimate validated by open-interest divisibility
RELIANCE,2023-01-25,250,legacy NSE turnover estimate validated by open-interest divisibility
RELIANCE,2023-02-23,250,legacy NSE turnover estimate validated by open-interest divisibility
RELIANCE,2023-03-29,250,legacy NSE turnover estimate validated by open-interest divisibility
RELIANCE,2023-04-27,250,legacy NSE turnover estimate validated by open-interest divisibility
RELIANCE,2023-05-25,250,legacy NSE turnover estimate validated by open-interest divisibility
RELIANCE,2023-06-29,250,legacy NSE turnover estimate validated by open-interest divisibility
RELIANCE,2023-07-27,250,legacy NSE turnover estimate validated by open-interest divisibility
RELIANCE,2023-08-31,250,legacy NSE turnover estimate validated by open-interest divisibility
RELIANCE,2023-09-28,250,legacy NSE turnover estimate validated by open-interest divisibility
RELIANCE,2023-10-26,250,legacy NSE turnover estimate validated by open-interest divisibility
RELIANCE,2023-11-30,250,legacy NSE turnover estimate validated by open-interest divisibility
RELIANCE,2023-12-28,250,legacy NSE turnover estimate validated by open-interest divisibility
RELIANCE,2024-01-25,250,legacy NSE turnover estimate validated by open-interest divisibility
RELIANCE,2024-02-29,250,legacy NSE turnover estimate validated by open-interest divisibility
RELIANCE,2024-03-28,250,legacy NSE turnover estimate validated by open-interest divisibility
RELIANCE,2024-04-25,250,legacy NSE turnover estimate validated by open-interest divisibility
RELIANCE,2024-05-30,250,legacy NSE turnover estimate validated by open-interest divisibility
RELIANCE,2024-06-27,250,legacy NSE turnover estimate validated by open-interest divisibility
RELIANCE,2024-07-25,250,legacy NSE turnover estimate validated by open-interest divisibility
SBIN,2020-01-30,3000,legacy NSE turnover estimate validated by open-interest divisibility
SBIN,2020-02-27,3000,legacy NSE turnover estimate validated by open-interest divisibility
SBIN,2020-03-26,3000,legacy NSE turnover estimate validated by open-interest divisibility
SBIN,2020-04-30,3000,legacy NSE turnover estimate validated by open-interest divisibility
SBIN,2020-05-28,3000,legacy NSE turnover estimate validated by open-interest divisibility
SBIN,2021-01-28,3000,legacy NSE turnover estimate validated by open-interest divisibility
SBIN,2021-02-25,3000,legacy NSE turnover estimate validated by open-interest divisibility
SBIN,2021-03-25,3000,legacy NSE turnover estimate validated by open-interest divisibility
SBIN,2021-04-29,3000,legacy NSE turnover estimate validated by open-interest divisibility
SBIN,2021-05-27,1500,legacy NSE turnover estimate validated by open-interest divisibility
SBIN,2021-06-24,1500,legacy NSE turnover estimate validated by open-interest divisibility
SBIN,2021-07-29,1500,legacy NSE turnover estimate validated by open-interest divisibility
SBIN,2021-08-26,1500,legacy NSE turnover estimate validated by open-interest divisibility
SBIN,2021-09-30,1500,legacy NSE turnover estimate validated by open-interest divisibility
SBIN,2021-10-28,1500,legacy NSE turnover estimate validated by open-interest divisibility
SBIN,2021-11-25,1500,legacy NSE turnover estimate validated by open-interest divisibility
SBIN,2021-12-30,1500,legacy NSE turnover estimate validated by open-interest divisibility
SBIN,2022-01-27,1500,legacy NSE turnover estimate validated by open-interest divisibility
SBIN,2022-02-24,1500,legacy NSE turnover estimate validated by open-interest divisibility
SBIN,2022-03-31,1500,legacy NSE turnover estimate validated by open-interest divisibility
SBIN,2022-04-28,1495,legacy NSE turnover estimate validated by open-interest divisibility
SBIN,2022-05-26,1500,legacy NSE turnover estimate validated by open-interest divisibility
SBIN,2022-06-30,1500,legacy NSE turnover estimate validated by open-interest divisibility
SBIN,2022-07-28,1500,legacy NSE turnover estimate validated by open-interest divisibility
SBIN,2022-08-25,1500,legacy NSE turnover estimate validated by open-interest divisibility
SBIN,2022-09-29,1500,legacy NSE turnover estimate validated by open-interest divisibility
SBIN,2022-10-27,1500,legacy NSE turnover estimate validated by open-interest divisibility
SBIN,2022-11-24,1500,legacy NSE turnover estimate validated by open-interest divisibility
SBIN,2022-12-29,1500,legacy NSE turnover estimate validated by open-interest divisibility
SBIN,2023-01-25,1500,legacy NSE turnover estimate validated by open-interest divisibility
SBIN,2023-02-23,1500,legacy NSE turnover estimate validated by open-interest divisibility
SBIN,2023-03-29,1500,legacy NSE turnover estimate validated by open-interest divisibility
SBIN,2023-04-27,1500,legacy NSE turnover estimate validated by open-interest divisibility
SBIN,2023-05-25,1500,legacy NSE turnover estimate validated by open-interest divisibility
SBIN,2023-06-29,1500,legacy NSE turnover estimate validated by open-interest divisibility
SBIN,2023-07-27,1500,legacy NSE turnover estimate validated by open-interest divisibility
SBIN,2023-08-31,1500,legacy NSE turnover estimate validated by open-interest divisibility
SBIN,2023-09-28,1500,legacy NSE turnover estimate validated by open-interest divisibility
SBIN,2023-10-26,1500,legacy NSE turnover estimate validated by open-interest divisibility
SBIN,2023-11-30,1500,legacy NSE turnover estimate validated by open-interest divisibility
SBIN,2023-12-28,1500,legacy NSE turnover estimate validated by open-interest divisibility
SBIN,2024-01-25,1500,legacy NSE turnover estimate validated by open-interest divisibility
SBIN,2024-02-29,1500,legacy NSE turnover estimate validated by open-interest divisibility
SBIN,2024-03-28,1500,legacy NSE turnover estimate validated by open-interest divisibility
SBIN,2024-04-25,1500,legacy NSE turnover estimate validated by open-interest divisibility
SBIN,2024-05-30,750,legacy NSE turnover estimate validated by open-interest divisibility
SBIN,2024-06-27,750,legacy NSE turnover estimate validated by open-interest divisibility
SBIN,2024-07-25,750,legacy NSE turnover estimate validated by open-interest divisibility
TCS,2020-01-30,250,legacy NSE turnover estimate validated by open-interest divisibility
TCS,2020-02-27,250,legacy NSE turnover estimate validated by open-interest divisibility
TCS,2020-03-26,250,legacy NSE turnover estimate validated by open-interest divisibility
TCS,2020-04-30,250,legacy NSE turnover estimate validated by open-interest divisibility
TCS,2020-05-28,250,legacy NSE turnover estimate validated by open-interest divisibility
TCS,2020-06-25,250,legacy NSE turnover estimate validated by open-interest divisibility
TCS,2020-07-30,300,legacy NSE turnover estimate validated by open-interest divisibility
TCS,2020-08-27,300,legacy NSE turnover estimate validated by open-interest divisibility
TCS,2020-09-24,300,legacy NSE turnover estimate validated by open-interest divisibility
TCS,2020-10-29,300,legacy NSE turnover estimate validated by open-interest divisibility
TCS,2020-11-26,300,legacy NSE turnover estimate validated by open-interest divisibility
TCS,2020-12-31,300,legacy NSE turnover estimate validated by open-interest divisibility
TCS,2021-01-28,300,legacy NSE turnover estimate validated by open-interest divisibility
TCS,2021-02-25,300,legacy NSE turnover estimate validated by open-interest divisibility
TCS,2021-03-25,300,legacy NSE turnover estimate validated by open-interest divisibility
TCS,2021-04-29,300,legacy NSE turnover estimate validated by open-interest divisibility
TCS,2021-05-27,300,legacy NSE turnover estimate validated by open-interest divisibility
TCS,2021-06-24,300,legacy NSE turnover estimate validated by open-interest divisibility
TCS,2021-07-29,300,legacy NSE turnover estimate validated by open-interest divisibility
TCS,2021-08-26,300,legacy NSE turnover estimate validated by open-interest divisibility
TCS,2021-09-30,300,legacy NSE turnover estimate validated by open-interest divisibility
TCS,2021-10-28,300,legacy NSE turnover estimate validated by open-interest divisibility
TCS,2021-11-25,150,legacy NSE turnover estimate validated by open-interest divisibility
TCS,2021-12-30,150,legacy NSE turnover estimate validated by open-interest divisibility
TCS,2022-01-27,150,legacy NSE turnover estimate validated by open-interest divisibility
TCS,2022-02-24,150,legacy NSE turnover estimate validated by open-interest divisibility
TCS,2022-03-31,150,legacy NSE turnover estimate validated by open-interest divisibility
TCS,2022-04-28,150,legacy NSE turnover estimate validated by open-interest divisibility
TCS,2022-05-26,150,legacy NSE turnover estimate validated by open-interest divisibility
TCS,2022-06-30,150,legacy NSE turnover estimate validated by open-interest divisibility
TCS,2022-07-28,150,legacy NSE turnover estimate validated by open-interest divisibility
TCS,2022-08-25,150,legacy NSE turnover estimate validated by open-interest divisibility
TCS,2022-09-29,150,legacy NSE turnover estimate validated by open-interest divisibility
TCS,2022-10-27,150,legacy NSE turnover estimate validated by open-interest divisibility
TCS,2022-11-24,150,legacy NSE turnover estimate validated by open-interest divisibility
TCS,2022-12-29,150,legacy NSE turnover estimate validated by open-interest divisibility
TCS,2023-01-25,175,legacy NSE turnover estimate validated by open-interest divisibility
TCS,2023-02-23,175,legacy NSE turnover estimate validated by open-interest divisibility
TCS,2023-03-29,175,legacy NSE turnover estimate validated by open-interest divisibility
TCS,2023-04-27,175,legacy NSE turnover estimate validated by open-interest divisibility
TCS,2023-05-25,175,legacy NSE turnover estimate validated by open-interest divisibility
TCS,2023-06-29,175,legacy NSE turnover estimate validated by open-interest divisibility
TCS,2023-07-27,175,legacy NSE turnover estimate validated by open-interest divisibility
TCS,2023-08-31,175,legacy NSE turnover estimate validated by open-interest divisibility
TCS,2023-09-28,175,legacy NSE turnover estimate validated by open-interest divisibility
TCS,2023-10-26,175,legacy NSE turnover estimate validated by open-interest divisibility
TCS,2023-11-30,175,legacy NSE turnover estimate validated by open-interest divisibility
TCS,2023-12-28,175,legacy NSE turnover estimate validated by open-interest divisibility
TCS,2024-01-25,175,legacy NSE turnover estimate validated by open-interest divisibility
TCS,2024-02-29,175,legacy NSE turnover estimate validated by open-interest divisibility
TCS,2024-03-28,175,legacy NSE turnover estimate validated by open-interest divisibility
TCS,2024-04-25,175,legacy NSE turnover estimate validated by open-interest divisibility
TCS,2024-05-30,175,legacy NSE turnover estimate validated by open-interest divisibility
TCS,2024-06-27,175,legacy NSE turnover estimate validated by open-interest divisibility
TCS,2024-07-25,175,legacy NSE turnover estimate validated by open-interest divisibility
