date,symbol,series,close,source_archive
2023-08-21,JIOFIN,BE,248.9,data/raw_nse/equity/2023-08-21.zip
2023-08-22,JIOFIN,BE,236.45,data/raw_nse/equity/2023-08-22.zip
2023-08-23,JIOFIN,BE,224.65,data/raw_nse/equity/2023-08-23.zip
2023-08-24,JIOFIN,BE,213.45,data/raw_nse/equity/2023-08-24.zip
2023-08-25,JIOFIN,BE,214.5,data/raw_nse/equity/2023-08-25.zip
2023-08-28,JIOFIN,BE,211.15,data/raw_nse/equity/2023-08-28.zip
2023-08-29,JIOFIN,BE,220.25,data/raw_nse/equity/2023-08-29.zip
2023-08-30,JIOFIN,BE,231.25,data/raw_nse/equity/2023-08-30.zip
2023-08-31,JIOFIN,BE,233.5,data/raw_nse/equity/2023-08-31.zip
2023-09-01,JIOFIN,BE,245.15,data/raw_nse/equity/2023-09-01.zip
2023-09-04,JIOFIN,EQ,253.45,data/raw_nse/equity/2023-09-04.zip
2023-09-05,JIOFIN,EQ,255.05,data/raw_nse/equity/2023-09-05.zip
2023-09-06,JIOFIN,EQ,252.85,data/raw_nse/equity/2023-09-06.zip
2023-09-07,JIOFIN,EQ,251.8,data/raw_nse/equity/2023-09-07.zip
2023-09-08,JIOFIN,EQ,253.2,data/raw_nse/equity/2023-09-08.zip
2023-09-11,JIOFIN,EQ,250.15,data/raw_nse/equity/2023-09-11.zip
2023-09-12,JIOFIN,EQ,244.25,data/raw_nse/equity/2023-09-12.zip
2023-09-13,JIOFIN,EQ,240.2,data/raw_nse/equity/2023-09-13.zip
2023-09-14,JIOFIN,EQ,242.55,data/raw_nse/equity/2023-09-14.zip
2023-09-15,JIOFIN,EQ,239.4,data/raw_nse/equity/2023-09-15.zip
2023-09-18,JIOFIN,EQ,233.2,data/raw_nse/equity/2023-09-18.zip
2023-09-20,JIOFIN,EQ,229.65,data/raw_nse/equity/2023-09-20.zip
2023-09-21,JIOFIN,EQ,227.65,data/raw_nse/equity/2023-09-21.zip
2023-09-22,JIOFIN,EQ,227.8,data/raw_nse/equity/2023-09-22.zip
2023-09-25,JIOFIN,EQ,229.75,data/raw_nse/equity/2023-09-25.zip
2023-09-26,JIOFIN,EQ,230.4,data/raw_nse/equity/2023-09-26.zip
2023-09-27,JIOFIN,EQ,227.35,data/raw_nse/equity/2023-09-27.zip
2023-09-28,JIOFIN,EQ,225.05,data/raw_nse/equity/2023-09-28.zip
2023-09-29,JIOFIN,EQ,231.2,data/raw_nse/equity/2023-09-29.zip
2023-10-03,JIOFIN,EQ,231.4,data/raw_nse/equity/2023-10-03.zip
2023-10-04,JIOFIN,EQ,224.65,data/raw_nse/equity/2023-10-04.zip
2023-10-05,JIOFIN,EQ,225.4,data/raw_nse/equity/2023-10-05.zip
2023-10-06,JIOFIN,EQ,225.1,data/raw_nse/equity/2023-10-06.zip
2023-10-09,JIOFIN,EQ,219.65,data/raw_nse/equity/2023-10-09.zip
2023-10-10,JIOFIN,EQ,220.15,data/raw_nse/equity/2023-10-10.zip
2023-10-11,JIOFIN,EQ,225.1,data/raw_nse/equity/2023-10-11.zip
2023-10-12,JIOFIN,EQ,225.15,data/raw_nse/equity/2023-10-12.zip
2023-10-13,JIOFIN,EQ,224.55,data/raw_nse/equity/2023-10-13.zip
2023-10-16,JIOFIN,EQ,224.8,data/raw_nse/equity/2023-10-16.zip
2023-10-17,JIOFIN,EQ,220.95,data/raw_nse/equity/2023-10-17.zip
2023-10-18,JIOFIN,EQ,216,data/raw_nse/equity/2023-10-18.zip
2023-10-19,JIOFIN,EQ,214.2,data/raw_nse/equity/2023-10-19.zip
2023-10-20,JIOFIN,EQ,214.2,data/raw_nse/equity/2023-10-20.zip
2023-10-23,JIOFIN,EQ,206.6,data/raw_nse/equity/2023-10-23.zip
2023-10-25,JIOFIN,EQ,210.15,data/raw_nse/equity/2023-10-25.zip
2023-10-26,JIOFIN,EQ,215.85,data/raw_nse/equity/2023-10-26.zip
2023-10-27,JIOFIN,EQ,222.9,data/raw_nse/equity/2023-10-27.zip
2023-10-30,JIOFIN,EQ,219,data/raw_nse/equity/2023-10-30.zip
2023-10-31,JIOFIN,EQ,219,data/raw_nse/equity/2023-10-31.zip
2023-11-01,JIOFIN,EQ,217.65,data/raw_nse/equity/2023-11-01.zip
2023-11-02,JIOFIN,EQ,217.35,data/raw_nse/equity/2023-11-02.zip
2023-11-03,JIOFIN,EQ,219.05,data/raw_nse/equity/2023-11-03.zip
2023-11-06,JIOFIN,EQ,217.15,data/raw_nse/equity/2023-11-06.zip
2023-11-07,JIOFIN,EQ,217.2,data/raw_nse/equity/2023-11-07.zip
2023-11-08,JIOFIN,EQ,214.15,data/raw_nse/equity/2023-11-08.zip
2023-11-09,JIOFIN,EQ,215.15,data/raw_nse/equity/2023-11-09.zip
2023-11-10,JIOFIN,EQ,221.95,data/raw_nse/equity/2023-11-10.zip
2023-11-13,JIOFIN,EQ,224.75,data/raw_nse/equity/2023-11-13.zip
2023-11-15,JIOFIN,EQ,224.15,data/raw_nse/equity/2023-11-15.zip
2023-11-16,JIOFIN,EQ,226.95,data/raw_nse/equity/2023-11-16.zip
2023-11-17,JIOFIN,EQ,220.8,data/raw_nse/equity/2023-11-17.zip
2023-11-20,JIOFIN,EQ,215.5,data/raw_nse/equity/2023-11-20.zip
2023-11-21,JIOFIN,EQ,220.2,data/raw_nse/equity/2023-11-21.zip
2023-11-22,JIOFIN,EQ,221.9,data/raw_nse/equity/2023-11-22.zip
2023-11-23,JIOFIN,EQ,221.25,data/raw_nse/equity/2023-11-23.zip
2023-11-24,JIOFIN,EQ,226.5,data/raw_nse/equity/2023-11-24.zip
2023-11-28,JIOFIN,EQ,226.35,data/raw_nse/equity/2023-11-28.zip
2023-11-29,JIOFIN,EQ,226.05,data/raw_nse/equity/2023-11-29.zip
2023-11-30,JIOFIN,EQ,229.4,data/raw_nse/equity/2023-11-30.zip
2023-12-01,JIOFIN,EQ,225.5,data/raw_nse/equity/2023-12-01.zip
2023-12-04,JIOFIN,EQ,230.1,data/raw_nse/equity/2023-12-04.zip
2023-12-05,JIOFIN,EQ,242.5,data/raw_nse/equity/2023-12-05.zip
2023-12-06,JIOFIN,EQ,247.05,data/raw_nse/equity/2023-12-06.zip
2023-12-07,JIOFIN,EQ,249.15,data/raw_nse/equity/2023-12-07.zip
2023-12-08,JIOFIN,EQ,244.25,data/raw_nse/equity/2023-12-08.zip
2023-12-11,JIOFIN,EQ,245.6,data/raw_nse/equity/2023-12-11.zip
2023-12-12,JIOFIN,EQ,240.55,data/raw_nse/equity/2023-12-12.zip
2023-12-13,JIOFIN,EQ,239.75,data/raw_nse/equity/2023-12-13.zip
2023-12-14,JIOFIN,EQ,238.6,data/raw_nse/equity/2023-12-14.zip
2023-12-15,JIOFIN,EQ,237.65,data/raw_nse/equity/2023-12-15.zip
2023-12-18,JIOFIN,EQ,240.15,data/raw_nse/equity/2023-12-18.zip
2023-12-19,JIOFIN,EQ,238.3,data/raw_nse/equity/2023-12-19.zip
2023-12-20,JIOFIN,EQ,232.1,data/raw_nse/equity/2023-12-20.zip
2023-12-21,JIOFIN,EQ,238,data/raw_nse/equity/2023-12-21.zip
2023-12-22,JIOFIN,EQ,236.75,data/raw_nse/equity/2023-12-22.zip
2023-12-26,JIOFIN,EQ,234.7,data/raw_nse/equity/2023-12-26.zip
2023-12-27,JIOFIN,EQ,234,data/raw_nse/equity/2023-12-27.zip
2023-12-28,JIOFIN,EQ,233.35,data/raw_nse/equity/2023-12-28.zip
2023-12-29,JIOFIN,EQ,232.95,data/raw_nse/equity/2023-12-29.zip
2024-01-01,JIOFIN,EQ,234.55,data/raw_nse/equity/2024-01-01.zip
2024-01-02,JIOFIN,EQ,235.35,data/raw_nse/equity/2024-01-02.zip
2024-01-03,JIOFIN,EQ,234.5,data/raw_nse/equity/2024-01-03.zip
2024-01-04,JIOFIN,EQ,241.4,data/raw_nse/equity/2024-01-04.zip
2024-01-05,JIOFIN,EQ,243.65,data/raw_nse/equity/2024-01-05.zip
2024-01-08,JIOFIN,EQ,242.4,data/raw_nse/equity/2024-01-08.zip
2024-01-09,JIOFIN,EQ,242.15,data/raw_nse/equity/2024-01-09.zip
2024-01-10,JIOFIN,EQ,240.95,data/raw_nse/equity/2024-01-10.zip
2024-01-11,JIOFIN,EQ,251.55,data/raw_nse/equity/2024-01-11.zip
2024-01-12,JIOFIN,EQ,255.05,data/raw_nse/equity/2024-01-12.zip
2024-01-15,JIOFIN,EQ,266.75,data/raw_nse/equity/2024-01-15.zip
2024-01-16,JIOFIN,EQ,248.85,data/raw_nse/equity/2024-01-16.zip
2024-01-17,JIOFIN,EQ,242.55,data/raw_nse/equity/2024-01-17.zip
2024-01-18,JIOFIN,EQ,243.25,data/raw_nse/equity/2024-01-18.zip
2024-01-19,JIOFIN,EQ,246.25,data/raw_nse/equity/2024-01-19.zip
2024-01-23,JIOFIN,EQ,240.4,data/raw_nse/equity/2024-01-23.zip
2024-01-24,JIOFIN,EQ,239.75,data/raw_nse/equity/2024-01-24.zip
2024-01-25,JIOFIN,EQ,239.85,data/raw_nse/equity/2024-01-25.zip
2024-01-29,JIOFIN,EQ,251,data/raw_nse/equity/2024-01-29.zip
2024-01-30,JIOFIN,EQ,247.7,data/raw_nse/equity/2024-01-30.zip
2024-01-31,JIOFIN,EQ,248.25,data/raw_nse/equity/2024-01-31.zip
2024-02-01,JIOFIN,EQ,252.4,data/raw_nse/equity/2024-02-01.zip
2024-02-02,JIOFIN,EQ,253.8,data/raw_nse/equity/2024-02-02.zip
2024-02-05,JIOFIN,EQ,289.1,data/raw_nse/equity/2024-02-05.zip
2024-02-06,JIOFIN,EQ,270.95,data/raw_nse/equity/2024-02-06.zip
2024-02-07,JIOFIN,EQ,268.5,data/raw_nse/equity/2024-02-07.zip
2024-02-08,JIOFIN,EQ,262.8,data/raw_nse/equity/2024-02-08.zip
2024-02-09,JIOFIN,EQ,273,data/raw_nse/equity/2024-02-09.zip
2024-02-12,JIOFIN,EQ,271.45,data/raw_nse/equity/2024-02-12.zip
2024-02-13,JIOFIN,EQ,272.75,data/raw_nse/equity/2024-02-13.zip
2024-02-14,JIOFIN,EQ,273,data/raw_nse/equity/2024-02-14.zip
2024-02-15,JIOFIN,EQ,274.05,data/raw_nse/equity/2024-02-15.zip
2024-02-16,JIOFIN,EQ,271.9,data/raw_nse/equity/2024-02-16.zip
2024-02-19,JIOFIN,EQ,274,data/raw_nse/equity/2024-02-19.zip
2024-02-20,JIOFIN,EQ,281.7,data/raw_nse/equity/2024-02-20.zip
2024-02-21,JIOFIN,EQ,290.1,data/raw_nse/equity/2024-02-21.zip
2024-02-22,JIOFIN,EQ,302.85,data/raw_nse/equity/2024-02-22.zip
2024-02-23,JIOFIN,EQ,333.95,data/raw_nse/equity/2024-02-23.zip
2024-02-26,JIOFIN,EQ,327.8,data/raw_nse/equity/2024-02-26.zip
2024-02-27,JIOFIN,EQ,318.5,data/raw_nse/equity/2024-02-27.zip
2024-02-28,JIOFIN,EQ,308.3,data/raw_nse/equity/2024-02-28.zip
2024-02-29,JIOFIN,EQ,310,data/raw_nse/equity/2024-02-29.zip
2024-03-01,JIOFIN,EQ,317.9,data/raw_nse/equity/2024-03-01.zip
2024-03-04,JIOFIN,EQ,322.6,data/raw_nse/equity/2024-03-04.zip
2024-03-05,JIOFIN,EQ,321.7,data/raw_nse/equity/2024-03-05.zip
2024-03-06,JIOFIN,EQ,326.35,data/raw_nse/equity/2024-03-06.zip
2024-03-07,JIOFIN,EQ,333.9,data/raw_nse/equity/2024-03-07.zip
2024-03-11,JIOFIN,EQ,355.65,data/raw_nse/equity/2024-03-11.zip
2024-03-12,JIOFIN,EQ,361.85,data/raw_nse/equity/2024-03-12.zip
2024-03-13,JIOFIN,EQ,328.2,data/raw_nse/equity/2024-03-13.zip
2024-03-14,JIOFIN,EQ,338.35,data/raw_nse/equity/2024-03-14.zip
2024-03-15,JIOFIN,EQ,344.75,data/raw_nse/equity/2024-03-15.zip
2024-03-18,JIOFIN,EQ,352.55,data/raw_nse/equity/2024-03-18.zip
2024-03-19,JIOFIN,EQ,353.3,data/raw_nse/equity/2024-03-19.zip
2024-03-20,JIOFIN,EQ,337.5,data/raw_nse/equity/2024-03-20.zip
2024-03-21,JIOFIN,EQ,338.7,data/raw_nse/equity/2024-03-21.zip
2024-03-22,JIOFIN,EQ,344.65,data/raw_nse/equity/2024-03-22.zip
2024-03-26,JIOFIN,EQ,346.15,data/raw_nse/equity/2024-03-26.zip
2024-03-27,JIOFIN,EQ,350.7,data/raw_nse/equity/2024-03-27.zip
2024-03-28,JIOFIN,EQ,353.75,data/raw_nse/equity/2024-03-28.zip
2024-04-01,JIOFIN,EQ,356.95,data/raw_nse/equity/2024-04-01.zip
2024-04-02,JIOFIN,EQ,357.1,data/raw_nse/equity/2024-04-02.zip
2024-04-03,JIOFIN,EQ,357.1,data/raw_nse/equity/2024-04-03.zip
2024-04-04,JIOFIN,EQ,361.3,data/raw_nse/equity/2024-04-04.zip
2024-04-05,JIOFIN,EQ,373.2,data/raw_nse/equity/2024-04-05.zip
2024-04-08,JIOFIN,EQ,369.25,data/raw_nse/equity/2024-04-08.zip
2024-04-09,JIOFIN,EQ,367.7,data/raw_nse/equity/2024-04-09.zip
2024-04-10,JIOFIN,EQ,370.45,data/raw_nse/equity/2024-04-10.zip
2024-04-12,JIOFIN,EQ,372.2,data/raw_nse/equity/2024-04-12.zip
2024-04-15,JIOFIN,EQ,354.3,data/raw_nse/equity/2024-04-15.zip
2024-04-16,JIOFIN,EQ,361.85,data/raw_nse/equity/2024-04-16.zip
2024-04-18,JIOFIN,EQ,378.4,data/raw_nse/equity/2024-04-18.zip
2024-04-19,JIOFIN,EQ,370.1,data/raw_nse/equity/2024-04-19.zip
2024-04-22,JIOFIN,EQ,382.7,data/raw_nse/equity/2024-04-22.zip
2024-04-23,JIOFIN,EQ,387.95,data/raw_nse/equity/2024-04-23.zip
2024-04-24,JIOFIN,EQ,381.85,data/raw_nse/equity/2024-04-24.zip
2024-04-25,JIOFIN,EQ,382.3,data/raw_nse/equity/2024-04-25.zip
2024-04-26,JIOFIN,EQ,381.75,data/raw_nse/equity/2024-04-26.zip
2024-04-29,JIOFIN,EQ,380.5,data/raw_nse/equity/2024-04-29.zip
2024-04-30,JIOFIN,EQ,377,data/raw_nse/equity/2024-04-30.zip
2024-05-02,JIOFIN,EQ,379.65,data/raw_nse/equity/2024-05-02.zip
2024-05-03,JIOFIN,EQ,375.9,data/raw_nse/equity/2024-05-03.zip
2024-05-06,JIOFIN,EQ,370.25,data/raw_nse/equity/2024-05-06.zip
2024-05-07,JIOFIN,EQ,356.25,data/raw_nse/equity/2024-05-07.zip
2024-05-08,JIOFIN,EQ,355.2,data/raw_nse/equity/2024-05-08.zip
2024-05-09,JIOFIN,EQ,345.4,data/raw_nse/equity/2024-05-09.zip
2024-05-10,JIOFIN,EQ,347.85,data/raw_nse/equity/2024-05-10.zip
2024-05-13,JIOFIN,EQ,341.35,data/raw_nse/equity/2024-05-13.zip
2024-05-14,JIOFIN,EQ,352.45,data/raw_nse/equity/2024-05-14.zip
2024-05-15,JIOFIN,EQ,353.85,data/raw_nse/equity/2024-05-15.zip
2024-05-16,JIOFIN,EQ,355.05,data/raw_nse/equity/2024-05-16.zip
2024-05-17,JIOFIN,EQ,357.2,data/raw_nse/equity/2024-05-17.zip
2024-05-21,JIOFIN,EQ,357.75,data/raw_nse/equity/2024-05-21.zip
2024-05-22,JIOFIN,EQ,357.65,data/raw_nse/equity/2024-05-22.zip
2024-05-23,JIOFIN,EQ,367.75,data/raw_nse/equity/2024-05-23.zip
2024-05-24,JIOFIN,EQ,365.4,data/raw_nse/equity/2024-05-24.zip
2024-05-27,JIOFIN,EQ,360.05,data/raw_nse/equity/2024-05-27.zip
2024-05-28,JIOFIN,EQ,356.85,data/raw_nse/equity/2024-05-28.zip
2024-05-29,JIOFIN,EQ,349.2,data/raw_nse/equity/2024-05-29.zip
2024-05-30,JIOFIN,EQ,347.75,data/raw_nse/equity/2024-05-30.zip
2024-05-31,JIOFIN,EQ,344.35,data/raw_nse/equity/2024-05-31.zip
2024-06-03,JIOFIN,EQ,356.1,data/raw_nse/equity/2024-06-03.zip
2024-06-04,JIOFIN,EQ,332.95,data/raw_nse/equity/2024-06-04.zip
2024-06-05,JIOFIN,EQ,345.6,data/raw_nse/equity/2024-06-05.zip
2024-06-06,JIOFIN,EQ,349.4,data/raw_nse/equity/2024-06-06.zip
2024-06-07,JIOFIN,EQ,353.15,data/raw_nse/equity/2024-06-07.zip
2024-06-10,JIOFIN,EQ,350.35,data/raw_nse/equity/2024-06-10.zip
2024-06-11,JIOFIN,EQ,350.25,data/raw_nse/equity/2024-06-11.zip
2024-06-12,JIOFIN,EQ,360.95,data/raw_nse/equity/2024-06-12.zip
2024-06-13,JIOFIN,EQ,360.8,data/raw_nse/equity/2024-06-13.zip
2024-06-14,JIOFIN,EQ,357,data/raw_nse/equity/2024-06-14.zip
2024-06-18,JIOFIN,EQ,363.2,data/raw_nse/equity/2024-06-18.zip
2024-06-19,JIOFIN,EQ,358.3,data/raw_nse/equity/2024-06-19.zip
2024-06-20,JIOFIN,EQ,365.55,data/raw_nse/equity/2024-06-20.zip
2024-06-21,JIOFIN,EQ,360.9,data/raw_nse/equity/2024-06-21.zip
2024-06-24,JIOFIN,EQ,355.35,data/raw_nse/equity/2024-06-24.zip
2024-06-25,JIOFIN,EQ,359.05,data/raw_nse/equity/2024-06-25.zip
2024-06-26,JIOFIN,EQ,356.25,data/raw_nse/equity/2024-06-26.zip
2024-06-27,JIOFIN,EQ,353.6,data/raw_nse/equity/2024-06-27.zip
2024-06-28,JIOFIN,EQ,358.15,data/raw_nse/equity/2024-06-28.zip
2024-07-01,JIOFIN,EQ,352.8,data/raw_nse/equity/2024-07-01.zip
2024-07-02,JIOFIN,EQ,351,data/raw_nse/equity/2024-07-02.zip
2024-07-03,JIOFIN,EQ,351.3,data/raw_nse/equity/2024-07-03.zip
2024-07-04,JIOFIN,EQ,350.85,data/raw_nse/equity/2024-07-04.zip
2024-07-05,JIOFIN,EQ,352.75,data/raw_nse/equity/2024-07-05.zip
2024-07-08,JIOFIN,EQ,348.30,data/raw_nse/equity/2024-07-08.zip
2024-07-09,JIOFIN,EQ,349.85,data/raw_nse/equity/2024-07-09.zip
2024-07-10,JIOFIN,EQ,347.95,data/raw_nse/equity/2024-07-10.zip
2024-07-11,JIOFIN,EQ,348.05,data/raw_nse/equity/2024-07-11.zip
2024-07-12,JIOFIN,EQ,350.35,data/raw_nse/equity/2024-07-12.zip
2024-07-15,JIOFIN,EQ,355.40,data/raw_nse/equity/2024-07-15.zip
2024-07-16,JIOFIN,EQ,344.25,data/raw_nse/equity/2024-07-16.zip
2024-07-18,JIOFIN,EQ,337.00,data/raw_nse/equity/2024-07-18.zip
2024-07-19,JIOFIN,EQ,338.75,data/raw_nse/equity/2024-07-19.zip
2024-07-22,JIOFIN,EQ,340.95,data/raw_nse/equity/2024-07-22.zip
2024-07-23,JIOFIN,EQ,334.90,data/raw_nse/equity/2024-07-23.zip
2024-07-24,JIOFIN,EQ,334.70,data/raw_nse/equity/2024-07-24.zip
2024-07-25,JIOFIN,EQ,329.20,data/raw_nse/equity/2024-07-25.zip
2024-07-26,JIOFIN,EQ,331.90,data/raw_nse/equity/2024-07-26.zip
2024-07-29,JIOFIN,EQ,330.20,data/raw_nse/equity/2024-07-29.zip
2024-07-30,JIOFIN,EQ,329.35,data/raw_nse/equity/2024-07-30.zip
2024-07-31,JIOFIN,EQ,328.50,data/raw_nse/equity/2024-07-31.zip
2024-08-01,JIOFIN,EQ,328.70,data/raw_nse/equity/2024-08-01.zip
2024-08-02,JIOFIN,EQ,326.25,data/raw_nse/equity/2024-08-02.zip
2024-08-05,JIOFIN,EQ,317.05,data/raw_nse/equity/2024-08-05.zip
2024-08-06,JIOFIN,EQ,311.35,data/raw_nse/equity/2024-08-06.zip
2024-08-07,JIOFIN,EQ,329.75,data/raw_nse/equity/2024-08-07.zip
2024-08-08,JIOFIN,EQ,326.40,data/raw_nse/equity/2024-08-08.zip
2024-08-09,JIOFIN,EQ,325.60,data/raw_nse/equity/2024-08-09.zip
2024-08-12,JIOFIN,EQ,329.15,data/raw_nse/equity/2024-08-12.zip
2024-08-13,JIOFIN,EQ,323.30,data/raw_nse/equity/2024-08-13.zip
2024-08-14,JIOFIN,EQ,320.20,data/raw_nse/equity/2024-08-14.zip
2024-08-16,JIOFIN,EQ,328.15,data/raw_nse/equity/2024-08-16.zip
2024-08-19,JIOFIN,EQ,331.45,data/raw_nse/equity/2024-08-19.zip
2024-08-20,JIOFIN,EQ,334.15,data/raw_nse/equity/2024-08-20.zip
2024-08-21,JIOFIN,EQ,331.10,data/raw_nse/equity/2024-08-21.zip
2024-08-22,JIOFIN,EQ,329.60,data/raw_nse/equity/2024-08-22.zip
2024-08-23,JIOFIN,EQ,327.15,data/raw_nse/equity/2024-08-23.zip
2024-08-26,JIOFIN,EQ,323.25,data/raw_nse/equity/2024-08-26.zip
2024-08-27,JIOFIN,EQ,323.60,data/raw_nse/equity/2024-08-27.zip
2024-08-28,JIOFIN,EQ,322.25,data/raw_nse/equity/2024-08-28.zip
2024-08-29,JIOFIN,EQ,325.65,data/raw_nse/equity/2024-08-29.zip
2024-08-30,JIOFIN,EQ,321.70,data/raw_nse/equity/2024-08-30.zip
2024-09-02,JIOFIN,EQ,344.90,data/raw_nse/equity/2024-09-02.zip
2024-09-03,JIOFIN,EQ,350.20,data/raw_nse/equity/2024-09-03.zip
2024-09-04,JIOFIN,EQ,347.20,data/raw_nse/equity/2024-09-04.zip
2024-09-05,JIOFIN,EQ,345.35,data/raw_nse/equity/2024-09-05.zip
2024-09-06,JIOFIN,EQ,336.85,data/raw_nse/equity/2024-09-06.zip
2024-09-09,JIOFIN,EQ,341.70,data/raw_nse/equity/2024-09-09.zip
2024-09-10,JIOFIN,EQ,351.50,data/raw_nse/equity/2024-09-10.zip
2024-09-11,JIOFIN,EQ,344.30,data/raw_nse/equity/2024-09-11.zip
2024-09-12,JIOFIN,EQ,349.80,data/raw_nse/equity/2024-09-12.zip
2024-09-13,JIOFIN,EQ,351.90,data/raw_nse/equity/2024-09-13.zip
2024-09-16,JIOFIN,EQ,348.80,data/raw_nse/equity/2024-09-16.zip
2024-09-17,JIOFIN,EQ,351.65,data/raw_nse/equity/2024-09-17.zip
2024-09-18,JIOFIN,EQ,346.90,data/raw_nse/equity/2024-09-18.zip
2024-09-19,JIOFIN,EQ,346.65,data/raw_nse/equity/2024-09-19.zip
2024-09-20,JIOFIN,EQ,353.90,data/raw_nse/equity/2024-09-20.zip
2024-09-23,JIOFIN,EQ,354.25,data/raw_nse/equity/2024-09-23.zip
2024-09-24,JIOFIN,EQ,352.45,data/raw_nse/equity/2024-09-24.zip
2024-09-25,JIOFIN,EQ,352.80,data/raw_nse/equity/2024-09-25.zip
2024-09-26,JIOFIN,EQ,349.85,data/raw_nse/equity/2024-09-26.zip
2024-09-27,JIOFIN,EQ,359.15,data/raw_nse/equity/2024-09-27.zip
2024-09-30,JIOFIN,EQ,350.60,data/raw_nse/equity/2024-09-30.zip
2024-10-01,JIOFIN,EQ,351.00,data/raw_nse/equity/2024-10-01.zip
2024-10-03,JIOFIN,EQ,345.60,data/raw_nse/equity/2024-10-03.zip
2024-10-04,JIOFIN,EQ,338.80,data/raw_nse/equity/2024-10-04.zip
2024-10-07,JIOFIN,EQ,336.35,data/raw_nse/equity/2024-10-07.zip
2024-10-08,JIOFIN,EQ,345.60,data/raw_nse/equity/2024-10-08.zip
2024-10-09,JIOFIN,EQ,343.00,data/raw_nse/equity/2024-10-09.zip
2024-10-10,JIOFIN,EQ,343.80,data/raw_nse/equity/2024-10-10.zip
2024-10-11,JIOFIN,EQ,341.50,data/raw_nse/equity/2024-10-11.zip
2024-10-14,JIOFIN,EQ,340.05,data/raw_nse/equity/2024-10-14.zip
2024-10-15,JIOFIN,EQ,336.75,data/raw_nse/equity/2024-10-15.zip
2024-10-16,JIOFIN,EQ,333.65,data/raw_nse/equity/2024-10-16.zip
2024-10-17,JIOFIN,EQ,329.15,data/raw_nse/equity/2024-10-17.zip
2024-10-18,JIOFIN,EQ,330.35,data/raw_nse/equity/2024-10-18.zip
2024-10-21,JIOFIN,EQ,327.20,data/raw_nse/equity/2024-10-21.zip
2024-10-22,JIOFIN,EQ,314.05,data/raw_nse/equity/2024-10-22.zip
2024-10-23,JIOFIN,EQ,314.70,data/raw_nse/equity/2024-10-23.zip
2024-10-24,JIOFIN,EQ,316.10,data/raw_nse/equity/2024-10-24.zip
2024-10-25,JIOFIN,EQ,311.20,data/raw_nse/equity/2024-10-25.zip
2024-10-28,JIOFIN,EQ,316.65,data/raw_nse/equity/2024-10-28.zip
2024-10-29,JIOFIN,EQ,326.20,data/raw_nse/equity/2024-10-29.zip
2024-10-30,JIOFIN,EQ,319.95,data/raw_nse/equity/2024-10-30.zip
2024-10-31,JIOFIN,EQ,322.30,data/raw_nse/equity/2024-10-31.zip
2024-11-01,JIOFIN,EQ,326.20,data/raw_nse/equity/2024-11-01.zip
2024-11-04,JIOFIN,EQ,319.85,data/raw_nse/equity/2024-11-04.zip
2024-11-05,JIOFIN,EQ,321.90,data/raw_nse/equity/2024-11-05.zip
2024-11-06,JIOFIN,EQ,326.05,data/raw_nse/equity/2024-11-06.zip
2024-11-07,JIOFIN,EQ,321.55,data/raw_nse/equity/2024-11-07.zip
2024-11-08,JIOFIN,EQ,316.05,data/raw_nse/equity/2024-11-08.zip
2024-11-11,JIOFIN,EQ,312.00,data/raw_nse/equity/2024-11-11.zip
2024-11-12,JIOFIN,EQ,310.25,data/raw_nse/equity/2024-11-12.zip
2024-11-13,JIOFIN,EQ,299.40,data/raw_nse/equity/2024-11-13.zip
2024-11-14,JIOFIN,EQ,318.35,data/raw_nse/equity/2024-11-14.zip
2024-11-18,JIOFIN,EQ,318.80,data/raw_nse/equity/2024-11-18.zip
2024-11-19,JIOFIN,EQ,319.35,data/raw_nse/equity/2024-11-19.zip
2024-11-21,JIOFIN,EQ,314.20,data/raw_nse/equity/2024-11-21.zip
2024-11-22,JIOFIN,EQ,313.80,data/raw_nse/equity/2024-11-22.zip
2024-11-25,JIOFIN,EQ,323.25,data/raw_nse/equity/2024-11-25.zip
2024-11-26,JIOFIN,EQ,326.05,data/raw_nse/equity/2024-11-26.zip
2024-11-27,JIOFIN,EQ,328.90,data/raw_nse/equity/2024-11-27.zip
2024-11-28,JIOFIN,EQ,325.45,data/raw_nse/equity/2024-11-28.zip
2024-11-29,JIOFIN,EQ,328.35,data/raw_nse/equity/2024-11-29.zip
2024-12-02,JIOFIN,EQ,329.70,data/raw_nse/equity/2024-12-02.zip
2024-12-03,JIOFIN,EQ,340.35,data/raw_nse/equity/2024-12-03.zip
2024-12-04,JIOFIN,EQ,345.20,data/raw_nse/equity/2024-12-04.zip
2024-12-05,JIOFIN,EQ,341.50,data/raw_nse/equity/2024-12-05.zip
2024-12-06,JIOFIN,EQ,338.90,data/raw_nse/equity/2024-12-06.zip
2024-12-09,JIOFIN,EQ,336.85,data/raw_nse/equity/2024-12-09.zip
2024-12-10,JIOFIN,EQ,335.10,data/raw_nse/equity/2024-12-10.zip
2024-12-11,JIOFIN,EQ,343.00,data/raw_nse/equity/2024-12-11.zip
2024-12-12,JIOFIN,EQ,338.30,data/raw_nse/equity/2024-12-12.zip
2024-12-13,JIOFIN,EQ,339.75,data/raw_nse/equity/2024-12-13.zip
2024-12-16,JIOFIN,EQ,340.35,data/raw_nse/equity/2024-12-16.zip
2024-12-17,JIOFIN,EQ,337.10,data/raw_nse/equity/2024-12-17.zip
2024-12-18,JIOFIN,EQ,324.60,data/raw_nse/equity/2024-12-18.zip
2024-12-19,JIOFIN,EQ,313.00,data/raw_nse/equity/2024-12-19.zip
2024-12-20,JIOFIN,EQ,304.30,data/raw_nse/equity/2024-12-20.zip
2024-12-23,JIOFIN,EQ,304.70,data/raw_nse/equity/2024-12-23.zip
2024-12-24,JIOFIN,EQ,304.70,data/raw_nse/equity/2024-12-24.zip
2024-12-26,JIOFIN,EQ,305.55,data/raw_nse/equity/2024-12-26.zip
2024-12-27,JIOFIN,EQ,304.95,data/raw_nse/equity/2024-12-27.zip
2024-12-30,JIOFIN,EQ,306.25,data/raw_nse/equity/2024-12-30.zip
2024-12-31,JIOFIN,EQ,298.70,data/raw_nse/equity/2024-12-31.zip
2025-01-01,JIOFIN,EQ,304.45,data/raw_nse/equity/2025-01-01.zip
2025-01-02,JIOFIN,EQ,304.70,data/raw_nse/equity/2025-01-02.zip
2025-01-03,JIOFIN,EQ,307.45,data/raw_nse/equity/2025-01-03.zip
2025-01-06,JIOFIN,EQ,296.70,data/raw_nse/equity/2025-01-06.zip
2025-01-07,JIOFIN,EQ,299.15,data/raw_nse/equity/2025-01-07.zip
2025-01-08,JIOFIN,EQ,298.60,data/raw_nse/equity/2025-01-08.zip
2025-01-09,JIOFIN,EQ,289.25,data/raw_nse/equity/2025-01-09.zip
2025-01-10,JIOFIN,EQ,280.55,data/raw_nse/equity/2025-01-10.zip
2025-01-13,JIOFIN,EQ,266.15,data/raw_nse/equity/2025-01-13.zip
2025-01-14,JIOFIN,EQ,272.85,data/raw_nse/equity/2025-01-14.zip
2025-01-15,JIOFIN,EQ,272.40,data/raw_nse/equity/2025-01-15.zip
2025-01-16,JIOFIN,EQ,276.80,data/raw_nse/equity/2025-01-16.zip
2025-01-17,JIOFIN,EQ,279.00,data/raw_nse/equity/2025-01-17.zip
2025-01-20,JIOFIN,EQ,275.70,data/raw_nse/equity/2025-01-20.zip
2025-01-21,JIOFIN,EQ,260.10,data/raw_nse/equity/2025-01-21.zip
2025-01-22,JIOFIN,EQ,262.80,data/raw_nse/equity/2025-01-22.zip
2025-01-23,JIOFIN,EQ,255.85,data/raw_nse/equity/2025-01-23.zip
2025-01-24,JIOFIN,EQ,244.45,data/raw_nse/equity/2025-01-24.zip
2025-01-27,JIOFIN,EQ,233.30,data/raw_nse/equity/2025-01-27.zip
2025-01-28,JIOFIN,EQ,233.40,data/raw_nse/equity/2025-01-28.zip
2025-01-29,JIOFIN,EQ,238.30,data/raw_nse/equity/2025-01-29.zip
2025-01-30,JIOFIN,EQ,234.80,data/raw_nse/equity/2025-01-30.zip
2025-01-31,JIOFIN,EQ,241.65,data/raw_nse/equity/2025-01-31.zip
2025-02-03,JIOFIN,EQ,233.97,data/raw_nse/equity/2025-02-03.zip
2025-02-04,JIOFIN,EQ,245.10,data/raw_nse/equity/2025-02-04.zip
2025-02-05,JIOFIN,EQ,249.82,data/raw_nse/equity/2025-02-05.zip
2025-02-06,JIOFIN,EQ,250.48,data/raw_nse/equity/2025-02-06.zip
2025-02-07,JIOFIN,EQ,249.45,data/raw_nse/equity/2025-02-07.zip
2025-02-10,JIOFIN,EQ,242.96,data/raw_nse/equity/2025-02-10.zip
2025-02-11,JIOFIN,EQ,235.94,data/raw_nse/equity/2025-02-11.zip
2025-02-12,JIOFIN,EQ,227.62,data/raw_nse/equity/2025-02-12.zip
2025-02-13,JIOFIN,EQ,228.06,data/raw_nse/equity/2025-02-13.zip
2025-02-14,JIOFIN,EQ,222.29,data/raw_nse/equity/2025-02-14.zip
2025-02-17,JIOFIN,EQ,222.45,data/raw_nse/equity/2025-02-17.zip
2025-02-18,JIOFIN,EQ,221.02,data/raw_nse/equity/2025-02-18.zip
2025-02-19,JIOFIN,EQ,228.92,data/raw_nse/equity/2025-02-19.zip
2025-02-20,JIOFIN,EQ,235.27,data/raw_nse/equity/2025-02-20.zip
2025-02-21,JIOFIN,EQ,233.67,data/raw_nse/equity/2025-02-21.zip
2025-02-24,JIOFIN,EQ,228.45,data/raw_nse/equity/2025-02-24.zip
2025-02-25,JIOFIN,EQ,226.32,data/raw_nse/equity/2025-02-25.zip
2025-02-27,JIOFIN,EQ,221.70,data/raw_nse/equity/2025-02-27.zip
2025-02-28,JIOFIN,EQ,207.61,data/raw_nse/equity/2025-02-28.zip
2025-03-03,JIOFIN,EQ,200.92,data/raw_nse/equity/2025-03-03.zip
2025-03-04,JIOFIN,EQ,206.38,data/raw_nse/equity/2025-03-04.zip
2025-03-05,JIOFIN,EQ,217.10,data/raw_nse/equity/2025-03-05.zip
2025-03-06,JIOFIN,EQ,219.94,data/raw_nse/equity/2025-03-06.zip
2025-03-07,JIOFIN,EQ,221.81,data/raw_nse/equity/2025-03-07.zip
2025-03-10,JIOFIN,EQ,216.50,data/raw_nse/equity/2025-03-10.zip
2025-03-11,JIOFIN,EQ,217.56,data/raw_nse/equity/2025-03-11.zip
2025-03-12,JIOFIN,EQ,225.53,data/raw_nse/equity/2025-03-12.zip
2025-03-13,JIOFIN,EQ,222.60,data/raw_nse/equity/2025-03-13.zip
2025-03-17,JIOFIN,EQ,219.52,data/raw_nse/equity/2025-03-17.zip
2025-03-18,JIOFIN,EQ,225.18,data/raw_nse/equity/2025-03-18.zip
2025-03-19,JIOFIN,EQ,228.84,data/raw_nse/equity/2025-03-19.zip
2025-03-20,JIOFIN,EQ,231.69,data/raw_nse/equity/2025-03-20.zip
2025-03-21,JIOFIN,EQ,229.12,data/raw_nse/equity/2025-03-21.zip
2025-03-24,JIOFIN,EQ,232.68,data/raw_nse/equity/2025-03-24.zip
2025-03-25,JIOFIN,EQ,227.53,data/raw_nse/equity/2025-03-25.zip
2025-03-26,JIOFIN,EQ,222.67,data/raw_nse/equity/2025-03-26.zip
2025-03-27,JIOFIN,EQ,225.78,data/raw_nse/equity/2025-03-27.zip
2025-03-28,JIOFIN,EQ,227.51,data/raw_nse/equity/2025-03-28.zip
2025-04-01,JIOFIN,EQ,230.42,data/raw_nse/equity/2025-04-01.zip
2025-04-02,JIOFIN,EQ,229.78,data/raw_nse/equity/2025-04-02.zip
2025-04-03,JIOFIN,EQ,230.41,data/raw_nse/equity/2025-04-03.zip
2025-04-04,JIOFIN,EQ,222.32,data/raw_nse/equity/2025-04-04.zip
2025-04-07,JIOFIN,EQ,213.52,data/raw_nse/equity/2025-04-07.zip
2025-04-08,JIOFIN,EQ,224.81,data/raw_nse/equity/2025-04-08.zip
2025-04-09,JIOFIN,EQ,220.92,data/raw_nse/equity/2025-04-09.zip
2025-04-11,JIOFIN,EQ,230.02,data/raw_nse/equity/2025-04-11.zip
2025-04-15,JIOFIN,EQ,238.57,data/raw_nse/equity/2025-04-15.zip
2025-04-16,JIOFIN,EQ,242.28,data/raw_nse/equity/2025-04-16.zip
2025-04-17,JIOFIN,EQ,246.47,data/raw_nse/equity/2025-04-17.zip
2025-04-21,JIOFIN,EQ,246.38,data/raw_nse/equity/2025-04-21.zip
2025-04-22,JIOFIN,EQ,250.56,data/raw_nse/equity/2025-04-22.zip
2025-04-23,JIOFIN,EQ,258.14,data/raw_nse/equity/2025-04-23.zip
2025-04-24,JIOFIN,EQ,258.78,data/raw_nse/equity/2025-04-24.zip
2025-04-25,JIOFIN,EQ,253.05,data/raw_nse/equity/2025-04-25.zip
2025-04-28,JIOFIN,EQ,257.90,data/raw_nse/equity/2025-04-28.zip
2025-04-29,JIOFIN,EQ,257.63,data/raw_nse/equity/2025-04-29.zip
2025-04-30,JIOFIN,EQ,260.42,data/raw_nse/equity/2025-04-30.zip
2025-05-02,JIOFIN,EQ,258.80,data/raw_nse/equity/2025-05-02.zip
2025-05-05,JIOFIN,EQ,260.60,data/raw_nse/equity/2025-05-05.zip
2025-05-06,JIOFIN,EQ,251.20,data/raw_nse/equity/2025-05-06.zip
2025-05-07,JIOFIN,EQ,256.10,data/raw_nse/equity/2025-05-07.zip
2025-05-08,JIOFIN,EQ,251.45,data/raw_nse/equity/2025-05-08.zip
2025-05-09,JIOFIN,EQ,248.35,data/raw_nse/equity/2025-05-09.zip
2025-05-12,JIOFIN,EQ,262.90,data/raw_nse/equity/2025-05-12.zip
2025-05-13,JIOFIN,EQ,267.40,data/raw_nse/equity/2025-05-13.zip
2025-05-14,JIOFIN,EQ,267.50,data/raw_nse/equity/2025-05-14.zip
2025-05-15,JIOFIN,EQ,273.70,data/raw_nse/equity/2025-05-15.zip
2025-05-16,JIOFIN,EQ,277.00,data/raw_nse/equity/2025-05-16.zip
2025-05-19,JIOFIN,EQ,277.05,data/raw_nse/equity/2025-05-19.zip
2025-05-20,JIOFIN,EQ,271.45,data/raw_nse/equity/2025-05-20.zip
2025-05-21,JIOFIN,EQ,274.35,data/raw_nse/equity/2025-05-21.zip
2025-05-22,JIOFIN,EQ,274.55,data/raw_nse/equity/2025-05-22.zip
2025-05-23,JIOFIN,EQ,281.75,data/raw_nse/equity/2025-05-23.zip
2025-05-26,JIOFIN,EQ,281.75,data/raw_nse/equity/2025-05-26.zip
2025-05-27,JIOFIN,EQ,291.40,data/raw_nse/equity/2025-05-27.zip
2025-05-28,JIOFIN,EQ,290.35,data/raw_nse/equity/2025-05-28.zip
2025-05-29,JIOFIN,EQ,287.85,data/raw_nse/equity/2025-05-29.zip
2025-05-30,JIOFIN,EQ,286.65,data/raw_nse/equity/2025-05-30.zip
2025-06-02,JIOFIN,EQ,286.45,data/raw_nse/equity/2025-06-02.zip
2025-06-03,JIOFIN,EQ,283.90,data/raw_nse/equity/2025-06-03.zip
2025-06-04,JIOFIN,EQ,290.35,data/raw_nse/equity/2025-06-04.zip
2025-06-05,JIOFIN,EQ,291.50,data/raw_nse/equity/2025-06-05.zip
2025-06-06,JIOFIN,EQ,294.00,data/raw_nse/equity/2025-06-06.zip
2025-06-09,JIOFIN,EQ,304.25,data/raw_nse/equity/2025-06-09.zip
2025-06-10,JIOFIN,EQ,302.80,data/raw_nse/equity/2025-06-10.zip
2025-06-11,JIOFIN,EQ,302.65,data/raw_nse/equity/2025-06-11.zip
2025-06-12,JIOFIN,EQ,296.00,data/raw_nse/equity/2025-06-12.zip
2025-06-13,JIOFIN,EQ,294.05,data/raw_nse/equity/2025-06-13.zip
2025-06-16,JIOFIN,EQ,294.15,data/raw_nse/equity/2025-06-16.zip
2025-06-17,JIOFIN,EQ,289.80,data/raw_nse/equity/2025-06-17.zip
2025-06-18,JIOFIN,EQ,288.15,data/raw_nse/equity/2025-06-18.zip
2025-06-19,JIOFIN,EQ,284.10,data/raw_nse/equity/2025-06-19.zip
2025-06-20,JIOFIN,EQ,294.25,data/raw_nse/equity/2025-06-20.zip
2025-06-23,JIOFIN,EQ,293.15,data/raw_nse/equity/2025-06-23.zip
2025-06-24,JIOFIN,EQ,300.80,data/raw_nse/equity/2025-06-24.zip
2025-06-25,JIOFIN,EQ,303.30,data/raw_nse/equity/2025-06-25.zip
2025-06-26,JIOFIN,EQ,312.50,data/raw_nse/equity/2025-06-26.zip
2025-06-27,JIOFIN,EQ,323.45,data/raw_nse/equity/2025-06-27.zip
2025-06-30,JIOFIN,EQ,326.75,data/raw_nse/equity/2025-06-30.zip
2025-07-01,JIOFIN,EQ,329.60,data/raw_nse/equity/2025-07-01.zip
2025-07-02,JIOFIN,EQ,326.70,data/raw_nse/equity/2025-07-02.zip
2025-07-03,JIOFIN,EQ,325.05,data/raw_nse/equity/2025-07-03.zip
2025-07-04,JIOFIN,EQ,324.95,data/raw_nse/equity/2025-07-04.zip
2025-07-07,JIOFIN,EQ,328.05,data/raw_nse/equity/2025-07-07.zip
2025-07-08,JIOFIN,EQ,328.85,data/raw_nse/equity/2025-07-08.zip
2025-07-09,JIOFIN,EQ,329.85,data/raw_nse/equity/2025-07-09.zip
2025-07-10,JIOFIN,EQ,331.65,data/raw_nse/equity/2025-07-10.zip
2025-07-11,JIOFIN,EQ,325.80,data/raw_nse/equity/2025-07-11.zip
2025-07-14,JIOFIN,EQ,319.10,data/raw_nse/equity/2025-07-14.zip
2025-07-15,JIOFIN,EQ,321.20,data/raw_nse/equity/2025-07-15.zip
2025-07-16,JIOFIN,EQ,319.55,data/raw_nse/equity/2025-07-16.zip
2025-07-17,JIOFIN,EQ,318.15,data/raw_nse/equity/2025-07-17.zip
2025-07-18,JIOFIN,EQ,316.85,data/raw_nse/equity/2025-07-18.zip
2025-07-21,JIOFIN,EQ,317.25,data/raw_nse/equity/2025-07-21.zip
2025-07-22,JIOFIN,EQ,310.80,data/raw_nse/equity/2025-07-22.zip
2025-07-23,JIOFIN,EQ,314.45,data/raw_nse/equity/2025-07-23.zip
2025-07-24,JIOFIN,EQ,316.45,data/raw_nse/equity/2025-07-24.zip
2025-07-25,JIOFIN,EQ,311.25,data/raw_nse/equity/2025-07-25.zip
2025-07-28,JIOFIN,EQ,307.35,data/raw_nse/equity/2025-07-28.zip
2025-07-29,JIOFIN,EQ,321.10,data/raw_nse/equity/2025-07-29.zip
2025-07-30,JIOFIN,EQ,320.30,data/raw_nse/equity/2025-07-30.zip
2025-07-31,JIOFIN,EQ,329.25,data/raw_nse/equity/2025-07-31.zip
2025-08-01,JIOFIN,EQ,329.50,data/raw_nse/equity/2025-08-01.zip
2025-08-04,JIOFIN,EQ,333.90,data/raw_nse/equity/2025-08-04.zip
2025-08-05,JIOFIN,EQ,332.85,data/raw_nse/equity/2025-08-05.zip
2025-08-06,JIOFIN,EQ,326.55,data/raw_nse/equity/2025-08-06.zip
2025-08-07,JIOFIN,EQ,325.50,data/raw_nse/equity/2025-08-07.zip
2025-08-08,JIOFIN,EQ,321.15,data/raw_nse/equity/2025-08-08.zip
2025-08-11,JIOFIN,EQ,327.75,data/raw_nse/equity/2025-08-11.zip
2025-08-12,JIOFIN,EQ,327.00,data/raw_nse/equity/2025-08-12.zip
2025-08-13,JIOFIN,EQ,330.60,data/raw_nse/equity/2025-08-13.zip
2025-08-14,JIOFIN,EQ,327.40,data/raw_nse/equity/2025-08-14.zip
2025-08-18,JIOFIN,EQ,329.35,data/raw_nse/equity/2025-08-18.zip
2025-08-19,JIOFIN,EQ,331.30,data/raw_nse/equity/2025-08-19.zip
2025-08-20,JIOFIN,EQ,328.45,data/raw_nse/equity/2025-08-20.zip
2025-08-21,JIOFIN,EQ,323.85,data/raw_nse/equity/2025-08-21.zip
2025-08-22,JIOFIN,EQ,320.60,data/raw_nse/equity/2025-08-22.zip
2025-08-25,JIOFIN,EQ,319.70,data/raw_nse/equity/2025-08-25.zip
2025-08-26,JIOFIN,EQ,315.75,data/raw_nse/equity/2025-08-26.zip
2025-08-28,JIOFIN,EQ,310.10,data/raw_nse/equity/2025-08-28.zip
2025-08-29,JIOFIN,EQ,311.70,data/raw_nse/equity/2025-08-29.zip
2025-09-01,JIOFIN,EQ,314.05,data/raw_nse/equity/2025-09-01.zip
2025-09-02,JIOFIN,EQ,311.75,data/raw_nse/equity/2025-09-02.zip
2025-09-03,JIOFIN,EQ,313.70,data/raw_nse/equity/2025-09-03.zip
2025-09-04,JIOFIN,EQ,309.45,data/raw_nse/equity/2025-09-04.zip
2025-09-05,JIOFIN,EQ,309.40,data/raw_nse/equity/2025-09-05.zip
2025-09-08,JIOFIN,EQ,311.10,data/raw_nse/equity/2025-09-08.zip
2025-09-09,JIOFIN,EQ,307.95,data/raw_nse/equity/2025-09-09.zip
2025-09-10,JIOFIN,EQ,310.05,data/raw_nse/equity/2025-09-10.zip
2025-09-11,JIOFIN,EQ,310.70,data/raw_nse/equity/2025-09-11.zip
2025-09-12,JIOFIN,EQ,311.20,data/raw_nse/equity/2025-09-12.zip
2025-09-15,JIOFIN,EQ,315.35,data/raw_nse/equity/2025-09-15.zip
2025-09-16,JIOFIN,EQ,315.45,data/raw_nse/equity/2025-09-16.zip
2025-09-17,JIOFIN,EQ,315.85,data/raw_nse/equity/2025-09-17.zip
2025-09-18,JIOFIN,EQ,317.35,data/raw_nse/equity/2025-09-18.zip
2025-09-19,JIOFIN,EQ,317.00,data/raw_nse/equity/2025-09-19.zip
2025-09-22,JIOFIN,EQ,313.85,data/raw_nse/equity/2025-09-22.zip
2025-09-23,JIOFIN,EQ,312.55,data/raw_nse/equity/2025-09-23.zip
2025-09-24,JIOFIN,EQ,306.75,data/raw_nse/equity/2025-09-24.zip
2025-09-25,JIOFIN,EQ,301.60,data/raw_nse/equity/2025-09-25.zip
2025-09-26,JIOFIN,EQ,295.85,data/raw_nse/equity/2025-09-26.zip
2025-09-29,JIOFIN,EQ,294.20,data/raw_nse/equity/2025-09-29.zip
2025-09-30,JIOFIN,EQ,293.20,data/raw_nse/equity/2025-09-30.zip
2025-10-01,JIOFIN,EQ,300.05,data/raw_nse/equity/2025-10-01.zip
2025-10-03,JIOFIN,EQ,301.70,data/raw_nse/equity/2025-10-03.zip
2025-10-06,JIOFIN,EQ,306.25,data/raw_nse/equity/2025-10-06.zip
2025-10-07,JIOFIN,EQ,309.90,data/raw_nse/equity/2025-10-07.zip
2025-10-08,JIOFIN,EQ,304.65,data/raw_nse/equity/2025-10-08.zip
2025-10-09,JIOFIN,EQ,307.35,data/raw_nse/equity/2025-10-09.zip
2025-10-10,JIOFIN,EQ,308.15,data/raw_nse/equity/2025-10-10.zip
2025-10-13,JIOFIN,EQ,308.45,data/raw_nse/equity/2025-10-13.zip
2025-10-14,JIOFIN,EQ,305.60,data/raw_nse/equity/2025-10-14.zip
2025-10-15,JIOFIN,EQ,312.65,data/raw_nse/equity/2025-10-15.zip
2025-10-16,JIOFIN,EQ,312.10,data/raw_nse/equity/2025-10-16.zip
2025-10-17,JIOFIN,EQ,309.30,data/raw_nse/equity/2025-10-17.zip
2025-10-20,JIOFIN,EQ,310.70,data/raw_nse/equity/2025-10-20.zip
2025-10-21,JIOFIN,EQ,311.80,data/raw_nse/equity/2025-10-21.zip
2025-10-23,JIOFIN,EQ,309.05,data/raw_nse/equity/2025-10-23.zip
2025-10-24,JIOFIN,EQ,305.95,data/raw_nse/equity/2025-10-24.zip
2025-10-27,JIOFIN,EQ,305.55,data/raw_nse/equity/2025-10-27.zip
2025-10-28,JIOFIN,EQ,307.95,data/raw_nse/equity/2025-10-28.zip
2025-10-29,JIOFIN,EQ,309.75,data/raw_nse/equity/2025-10-29.zip
2025-10-30,JIOFIN,EQ,309.80,data/raw_nse/equity/2025-10-30.zip
2025-10-31,JIOFIN,EQ,306.80,data/raw_nse/equity/2025-10-31.zip
2025-11-03,JIOFIN,EQ,306.80,data/raw_nse/equity/2025-11-03.zip
2025-11-04,JIOFIN,EQ,301.90,data/raw_nse/equity/2025-11-04.zip
2025-11-06,JIOFIN,EQ,298.10,data/raw_nse/equity/2025-11-06.zip
2025-11-07,JIOFIN,EQ,299.30,data/raw_nse/equity/2025-11-07.zip
2025-11-10,JIOFIN,EQ,301.95,data/raw_nse/equity/2025-11-10.zip
2025-11-11,JIOFIN,EQ,304.90,data/raw_nse/equity/2025-11-11.zip
2025-11-12,JIOFIN,EQ,309.50,data/raw_nse/equity/2025-11-12.zip
2025-11-12,TMCV,BE,329.45,data/raw_nse/equity/2025-11-12.zip
2025-11-13,JIOFIN,EQ,310.70,data/raw_nse/equity/2025-11-13.zip
2025-11-13,TMCV,BE,320.75,data/raw_nse/equity/2025-11-13.zip
2025-11-14,JIOFIN,EQ,314.90,data/raw_nse/equity/2025-11-14.zip
2025-11-14,TMCV,BE,317.60,data/raw_nse/equity/2025-11-14.zip
2025-11-17,JIOFIN,EQ,312.00,data/raw_nse/equity/2025-11-17.zip
2025-11-17,TMCV,BE,322.60,data/raw_nse/equity/2025-11-17.zip
2025-11-18,JIOFIN,EQ,305.95,data/raw_nse/equity/2025-11-18.zip
2025-11-18,TMCV,BE,325.15,data/raw_nse/equity/2025-11-18.zip
2025-11-19,JIOFIN,EQ,304.45,data/raw_nse/equity/2025-11-19.zip
2025-11-19,TMCV,BE,325.30,data/raw_nse/equity/2025-11-19.zip
2025-11-20,JIOFIN,EQ,308.35,data/raw_nse/equity/2025-11-20.zip
2025-11-20,TMCV,BE,322.85,data/raw_nse/equity/2025-11-20.zip
2025-11-21,JIOFIN,EQ,303.55,data/raw_nse/equity/2025-11-21.zip
2025-11-21,TMCV,BE,324.10,data/raw_nse/equity/2025-11-21.zip
2025-11-24,JIOFIN,EQ,299.85,data/raw_nse/equity/2025-11-24.zip
2025-11-24,TMCV,BE,320.60,data/raw_nse/equity/2025-11-24.zip
2025-11-25,JIOFIN,EQ,300.80,data/raw_nse/equity/2025-11-25.zip
2025-11-25,TMCV,BE,317.85,data/raw_nse/equity/2025-11-25.zip
2025-11-26,JIOFIN,EQ,308.00,data/raw_nse/equity/2025-11-26.zip
2025-11-26,TMCV,EQ,324.05,data/raw_nse/equity/2025-11-26.zip
2025-11-27,JIOFIN,EQ,306.45,data/raw_nse/equity/2025-11-27.zip
2025-11-27,TMCV,EQ,343.90,data/raw_nse/equity/2025-11-27.zip
2025-11-28,JIOFIN,EQ,306.20,data/raw_nse/equity/2025-11-28.zip
2025-11-28,TMCV,EQ,352.00,data/raw_nse/equity/2025-11-28.zip
2025-12-01,JIOFIN,EQ,304.75,data/raw_nse/equity/2025-12-01.zip
2025-12-01,TMCV,EQ,359.05,data/raw_nse/equity/2025-12-01.zip
2025-12-02,JIOFIN,EQ,304.85,data/raw_nse/equity/2025-12-02.zip
2025-12-02,TMCV,EQ,354.80,data/raw_nse/equity/2025-12-02.zip
2025-12-03,JIOFIN,EQ,301.00,data/raw_nse/equity/2025-12-03.zip
2025-12-03,TMCV,EQ,360.40,data/raw_nse/equity/2025-12-03.zip
2025-12-04,JIOFIN,EQ,302.25,data/raw_nse/equity/2025-12-04.zip
2025-12-04,TMCV,EQ,356.45,data/raw_nse/equity/2025-12-04.zip
2025-12-05,JIOFIN,EQ,303.75,data/raw_nse/equity/2025-12-05.zip
2025-12-05,TMCV,EQ,359.55,data/raw_nse/equity/2025-12-05.zip
2025-12-08,JIOFIN,EQ,297.20,data/raw_nse/equity/2025-12-08.zip
2025-12-08,TMCV,EQ,360.35,data/raw_nse/equity/2025-12-08.zip
2025-12-09,JIOFIN,EQ,293.20,data/raw_nse/equity/2025-12-09.zip
2025-12-09,TMCV,EQ,373.10,data/raw_nse/equity/2025-12-09.zip
2025-12-10,JIOFIN,EQ,290.85,data/raw_nse/equity/2025-12-10.zip
2025-12-10,TMCV,EQ,377.80,data/raw_nse/equity/2025-12-10.zip
2025-12-11,JIOFIN,EQ,298.45,data/raw_nse/equity/2025-12-11.zip
2025-12-11,TMCV,EQ,372.80,data/raw_nse/equity/2025-12-11.zip
2025-12-12,JIOFIN,EQ,300.75,data/raw_nse/equity/2025-12-12.zip
2025-12-12,TMCV,EQ,373.45,data/raw_nse/equity/2025-12-12.zip
2025-12-15,JIOFIN,EQ,299.60,data/raw_nse/equity/2025-12-15.zip
2025-12-15,TMCV,EQ,377.95,data/raw_nse/equity/2025-12-15.zip
2025-12-16,JIOFIN,EQ,295.25,data/raw_nse/equity/2025-12-16.zip
2025-12-16,TMCV,EQ,387.35,data/raw_nse/equity/2025-12-16.zip
2025-12-17,JIOFIN,EQ,293.15,data/raw_nse/equity/2025-12-17.zip
2025-12-17,TMCV,EQ,386.90,data/raw_nse/equity/2025-12-17.zip
2025-12-18,JIOFIN,EQ,292.30,data/raw_nse/equity/2025-12-18.zip
2025-12-18,TMCV,EQ,401.05,data/raw_nse/equity/2025-12-18.zip
2025-12-19,JIOFIN,EQ,296.95,data/raw_nse/equity/2025-12-19.zip
2025-12-19,TMCV,EQ,394.35,data/raw_nse/equity/2025-12-19.zip
2025-12-22,JIOFIN,EQ,298.75,data/raw_nse/equity/2025-12-22.zip
2025-12-22,TMCV,EQ,411.70,data/raw_nse/equity/2025-12-22.zip
2025-12-23,JIOFIN,EQ,298.70,data/raw_nse/equity/2025-12-23.zip
2025-12-23,TMCV,EQ,426.10,data/raw_nse/equity/2025-12-23.zip
2025-12-24,JIOFIN,EQ,298.90,data/raw_nse/equity/2025-12-24.zip
2025-12-24,TMCV,EQ,408.75,data/raw_nse/equity/2025-12-24.zip
2025-12-26,JIOFIN,EQ,296.95,data/raw_nse/equity/2025-12-26.zip
2025-12-26,TMCV,EQ,408.65,data/raw_nse/equity/2025-12-26.zip
2025-12-29,JIOFIN,EQ,293.95,data/raw_nse/equity/2025-12-29.zip
2025-12-29,TMCV,EQ,409.50,data/raw_nse/equity/2025-12-29.zip
2025-12-30,JIOFIN,EQ,292.50,data/raw_nse/equity/2025-12-30.zip
2025-12-30,TMCV,EQ,409.65,data/raw_nse/equity/2025-12-30.zip
2025-12-31,JIOFIN,EQ,294.95,data/raw_nse/equity/2025-12-31.zip
2025-12-31,TMCV,EQ,415.50,data/raw_nse/equity/2025-12-31.zip
2026-01-01,JIOFIN,EQ,295.70,data/raw_nse/equity/2026-01-01.zip
2026-01-01,TMCV,EQ,427.75,data/raw_nse/equity/2026-01-01.zip
2026-01-02,JIOFIN,EQ,301.70,data/raw_nse/equity/2026-01-02.zip
2026-01-02,TMCV,EQ,442.25,data/raw_nse/equity/2026-01-02.zip
2026-01-05,JIOFIN,EQ,300.40,data/raw_nse/equity/2026-01-05.zip
2026-01-05,TMCV,EQ,426.45,data/raw_nse/equity/2026-01-05.zip
2026-01-06,JIOFIN,EQ,298.55,data/raw_nse/equity/2026-01-06.zip
2026-01-06,TMCV,EQ,432.65,data/raw_nse/equity/2026-01-06.zip
2026-01-07,JIOFIN,EQ,303.50,data/raw_nse/equity/2026-01-07.zip
2026-01-07,TMCV,EQ,435.75,data/raw_nse/equity/2026-01-07.zip
2026-01-08,JIOFIN,EQ,293.55,data/raw_nse/equity/2026-01-08.zip
2026-01-08,TMCV,EQ,435.20,data/raw_nse/equity/2026-01-08.zip
2026-01-09,JIOFIN,EQ,287.25,data/raw_nse/equity/2026-01-09.zip
2026-01-09,TMCV,EQ,431.55,data/raw_nse/equity/2026-01-09.zip
2026-01-12,JIOFIN,EQ,288.25,data/raw_nse/equity/2026-01-12.zip
2026-01-12,TMCV,EQ,424.90,data/raw_nse/equity/2026-01-12.zip
2026-01-13,JIOFIN,EQ,284.60,data/raw_nse/equity/2026-01-13.zip
2026-01-13,TMCV,EQ,424.15,data/raw_nse/equity/2026-01-13.zip
2026-01-14,JIOFIN,EQ,287.00,data/raw_nse/equity/2026-01-14.zip
2026-01-14,TMCV,EQ,433.75,data/raw_nse/equity/2026-01-14.zip
2026-01-16,JIOFIN,EQ,278.80,data/raw_nse/equity/2026-01-16.zip
2026-01-16,TMCV,EQ,438.50,data/raw_nse/equity/2026-01-16.zip
2026-01-19,JIOFIN,EQ,275.65,data/raw_nse/equity/2026-01-19.zip
2026-01-19,TMCV,EQ,441.40,data/raw_nse/equity/2026-01-19.zip
2026-01-20,JIOFIN,EQ,265.50,data/raw_nse/equity/2026-01-20.zip
2026-01-20,TMCV,EQ,432.45,data/raw_nse/equity/2026-01-20.zip
2026-01-21,JIOFIN,EQ,263.25,data/raw_nse/equity/2026-01-21.zip
2026-01-21,TMCV,EQ,434.85,data/raw_nse/equity/2026-01-21.zip
2026-01-22,JIOFIN,EQ,262.60,data/raw_nse/equity/2026-01-22.zip
2026-01-22,TMCV,EQ,444.90,data/raw_nse/equity/2026-01-22.zip
2026-01-23,JIOFIN,EQ,252.90,data/raw_nse/equity/2026-01-23.zip
2026-01-23,TMCV,EQ,449.20,data/raw_nse/equity/2026-01-23.zip
2026-01-27,JIOFIN,EQ,256.05,data/raw_nse/equity/2026-01-27.zip
2026-01-27,TMCV,EQ,443.90,data/raw_nse/equity/2026-01-27.zip
2026-01-28,JIOFIN,EQ,255.20,data/raw_nse/equity/2026-01-28.zip
2026-01-28,TMCV,EQ,467.95,data/raw_nse/equity/2026-01-28.zip
2026-01-29,JIOFIN,EQ,254.50,data/raw_nse/equity/2026-01-29.zip
2026-01-29,TMCV,EQ,470.20,data/raw_nse/equity/2026-01-29.zip
2026-01-30,JIOFIN,EQ,254.50,data/raw_nse/equity/2026-01-30.zip
2026-01-30,TMCV,EQ,458.50,data/raw_nse/equity/2026-01-30.zip
2026-02-02,JIOFIN,EQ,244.10,data/raw_nse/equity/2026-02-02.zip
2026-02-02,TMCV,EQ,443.55,data/raw_nse/equity/2026-02-02.zip
2026-02-03,JIOFIN,EQ,263.90,data/raw_nse/equity/2026-02-03.zip
2026-02-03,TMCV,EQ,457.95,data/raw_nse/equity/2026-02-03.zip
2026-02-04,JIOFIN,EQ,268.00,data/raw_nse/equity/2026-02-04.zip
2026-02-04,TMCV,EQ,458.45,data/raw_nse/equity/2026-02-04.zip
2026-02-05,JIOFIN,EQ,269.95,data/raw_nse/equity/2026-02-05.zip
2026-02-05,TMCV,EQ,455.90,data/raw_nse/equity/2026-02-05.zip
2026-02-06,JIOFIN,EQ,268.10,data/raw_nse/equity/2026-02-06.zip
2026-02-06,TMCV,EQ,458.25,data/raw_nse/equity/2026-02-06.zip
2026-02-09,JIOFIN,EQ,269.25,data/raw_nse/equity/2026-02-09.zip
2026-02-09,TMCV,EQ,466.80,data/raw_nse/equity/2026-02-09.zip
2026-02-10,JIOFIN,EQ,270.20,data/raw_nse/equity/2026-02-10.zip
2026-02-10,TMCV,EQ,472.55,data/raw_nse/equity/2026-02-10.zip
2026-02-11,JIOFIN,EQ,270.30,data/raw_nse/equity/2026-02-11.zip
2026-02-11,TMCV,EQ,487.20,data/raw_nse/equity/2026-02-11.zip
2026-02-12,JIOFIN,EQ,267.55,data/raw_nse/equity/2026-02-12.zip
2026-02-12,TMCV,EQ,498.15,data/raw_nse/equity/2026-02-12.zip
2026-02-13,JIOFIN,EQ,263.95,data/raw_nse/equity/2026-02-13.zip
2026-02-13,TMCV,EQ,483.75,data/raw_nse/equity/2026-02-13.zip
2026-02-16,JIOFIN,EQ,262.55,data/raw_nse/equity/2026-02-16.zip
2026-02-16,TMCV,EQ,479.05,data/raw_nse/equity/2026-02-16.zip
2026-02-17,JIOFIN,EQ,262.30,data/raw_nse/equity/2026-02-17.zip
2026-02-17,TMCV,EQ,489.75,data/raw_nse/equity/2026-02-17.zip
2026-02-18,JIOFIN,EQ,264.10,data/raw_nse/equity/2026-02-18.zip
2026-02-18,TMCV,EQ,488.80,data/raw_nse/equity/2026-02-18.zip
2026-02-19,JIOFIN,EQ,258.60,data/raw_nse/equity/2026-02-19.zip
2026-02-19,TMCV,EQ,474.50,data/raw_nse/equity/2026-02-19.zip
2026-02-20,JIOFIN,EQ,258.60,data/raw_nse/equity/2026-02-20.zip
2026-02-20,TMCV,EQ,472.90,data/raw_nse/equity/2026-02-20.zip
2026-02-23,JIOFIN,EQ,257.80,data/raw_nse/equity/2026-02-23.zip
2026-02-23,TMCV,EQ,479.80,data/raw_nse/equity/2026-02-23.zip
2026-02-24,JIOFIN,EQ,255.25,data/raw_nse/equity/2026-02-24.zip
2026-02-24,TMCV,EQ,475.50,data/raw_nse/equity/2026-02-24.zip
2026-02-25,JIOFIN,EQ,256.95,data/raw_nse/equity/2026-02-25.zip
2026-02-25,TMCV,EQ,479.85,data/raw_nse/equity/2026-02-25.zip
2026-02-26,JIOFIN,EQ,256.15,data/raw_nse/equity/2026-02-26.zip
2026-02-26,TMCV,EQ,491.35,data/raw_nse/equity/2026-02-26.zip
2026-02-27,JIOFIN,EQ,255.40,data/raw_nse/equity/2026-02-27.zip
2026-02-27,TMCV,EQ,505.30,data/raw_nse/equity/2026-02-27.zip
2026-03-02,JIOFIN,EQ,249.00,data/raw_nse/equity/2026-03-02.zip
2026-03-02,TMCV,EQ,498.00,data/raw_nse/equity/2026-03-02.zip
2026-03-04,JIOFIN,EQ,241.30,data/raw_nse/equity/2026-03-04.zip
2026-03-04,TMCV,EQ,470.75,data/raw_nse/equity/2026-03-04.zip
2026-03-05,JIOFIN,EQ,243.10,data/raw_nse/equity/2026-03-05.zip
2026-03-05,TMCV,EQ,480.40,data/raw_nse/equity/2026-03-05.zip
2026-03-06,JIOFIN,EQ,239.35,data/raw_nse/equity/2026-03-06.zip
2026-03-06,TMCV,EQ,474.25,data/raw_nse/equity/2026-03-06.zip
2026-03-09,JIOFIN,EQ,232.25,data/raw_nse/equity/2026-03-09.zip
2026-03-09,TMCV,EQ,448.30,data/raw_nse/equity/2026-03-09.zip
2026-03-10,JIOFIN,EQ,236.00,data/raw_nse/equity/2026-03-10.zip
2026-03-10,TMCV,EQ,459.15,data/raw_nse/equity/2026-03-10.zip
2026-03-11,JIOFIN,EQ,238.70,data/raw_nse/equity/2026-03-11.zip
2026-03-11,TMCV,EQ,445.45,data/raw_nse/equity/2026-03-11.zip
2026-03-12,JIOFIN,EQ,242.20,data/raw_nse/equity/2026-03-12.zip
2026-03-12,TMCV,EQ,443.55,data/raw_nse/equity/2026-03-12.zip
2026-03-13,JIOFIN,EQ,235.25,data/raw_nse/equity/2026-03-13.zip
2026-03-13,TMCV,EQ,425.65,data/raw_nse/equity/2026-03-13.zip
2026-03-16,JIOFIN,EQ,234.35,data/raw_nse/equity/2026-03-16.zip
2026-03-16,TMCV,EQ,437.60,data/raw_nse/equity/2026-03-16.zip
2026-03-17,JIOFIN,EQ,237.60,data/raw_nse/equity/2026-03-17.zip
2026-03-17,TMCV,EQ,441.95,data/raw_nse/equity/2026-03-17.zip
2026-03-18,JIOFIN,EQ,248.20,data/raw_nse/equity/2026-03-18.zip
2026-03-18,TMCV,EQ,447.65,data/raw_nse/equity/2026-03-18.zip
2026-03-19,JIOFIN,EQ,239.45,data/raw_nse/equity/2026-03-19.zip
2026-03-19,TMCV,EQ,417.25,data/raw_nse/equity/2026-03-19.zip
2026-03-20,JIOFIN,EQ,239.30,data/raw_nse/equity/2026-03-20.zip
2026-03-20,TMCV,EQ,419.65,data/raw_nse/equity/2026-03-20.zip
2026-03-23,JIOFIN,EQ,226.10,data/raw_nse/equity/2026-03-23.zip
2026-03-23,TMCV,EQ,394.45,data/raw_nse/equity/2026-03-23.zip
2026-03-24,JIOFIN,EQ,232.70,data/raw_nse/equity/2026-03-24.zip
2026-03-24,TMCV,EQ,415.70,data/raw_nse/equity/2026-03-24.zip
2026-03-25,JIOFIN,EQ,237.35,data/raw_nse/equity/2026-03-25.zip
2026-03-25,TMCV,EQ,431.85,data/raw_nse/equity/2026-03-25.zip
2026-03-27,JIOFIN,EQ,232.55,data/raw_nse/equity/2026-03-27.zip
2026-03-27,TMCV,EQ,427.60,data/raw_nse/equity/2026-03-27.zip
2026-03-30,JIOFIN,EQ,224.10,data/raw_nse/equity/2026-03-30.zip
2026-03-30,TMCV,EQ,394.80,data/raw_nse/equity/2026-03-30.zip
2026-04-01,JIOFIN,EQ,231.93,data/raw_nse/equity/2026-04-01.zip
2026-04-01,TMCV,EQ,396.05,data/raw_nse/equity/2026-04-01.zip
2026-04-02,JIOFIN,EQ,229.48,data/raw_nse/equity/2026-04-02.zip
2026-04-02,TMCV,EQ,388.10,data/raw_nse/equity/2026-04-02.zip
2026-04-06,JIOFIN,EQ,235.31,data/raw_nse/equity/2026-04-06.zip
2026-04-06,TMCV,EQ,391.30,data/raw_nse/equity/2026-04-06.zip
2026-04-07,JIOFIN,EQ,235.33,data/raw_nse/equity/2026-04-07.zip
2026-04-07,TMCV,EQ,396.05,data/raw_nse/equity/2026-04-07.zip
2026-04-08,JIOFIN,EQ,246.86,data/raw_nse/equity/2026-04-08.zip
2026-04-08,TMCV,EQ,434.05,data/raw_nse/equity/2026-04-08.zip
2026-04-09,JIOFIN,EQ,238.84,data/raw_nse/equity/2026-04-09.zip
2026-04-09,TMCV,EQ,425.60,data/raw_nse/equity/2026-04-09.zip
2026-04-10,JIOFIN,EQ,243.20,data/raw_nse/equity/2026-04-10.zip
2026-04-10,TMCV,EQ,444.55,data/raw_nse/equity/2026-04-10.zip
2026-04-13,JIOFIN,EQ,237.68,data/raw_nse/equity/2026-04-13.zip
2026-04-13,TMCV,EQ,429.80,data/raw_nse/equity/2026-04-13.zip
2026-04-15,JIOFIN,EQ,242.66,data/raw_nse/equity/2026-04-15.zip
2026-04-15,TMCV,EQ,435.20,data/raw_nse/equity/2026-04-15.zip
2026-04-16,JIOFIN,EQ,241.27,data/raw_nse/equity/2026-04-16.zip
2026-04-16,TMCV,EQ,442.00,data/raw_nse/equity/2026-04-16.zip
2026-04-17,JIOFIN,EQ,243.86,data/raw_nse/equity/2026-04-17.zip
2026-04-17,TMCV,EQ,439.10,data/raw_nse/equity/2026-04-17.zip
2026-04-20,JIOFIN,EQ,237.15,data/raw_nse/equity/2026-04-20.zip
2026-04-20,TMCV,EQ,438.40,data/raw_nse/equity/2026-04-20.zip
2026-04-21,JIOFIN,EQ,234.75,data/raw_nse/equity/2026-04-21.zip
2026-04-21,TMCV,EQ,442.55,data/raw_nse/equity/2026-04-21.zip
2026-04-22,JIOFIN,EQ,238.51,data/raw_nse/equity/2026-04-22.zip
2026-04-22,TMCV,EQ,447.80,data/raw_nse/equity/2026-04-22.zip
2026-04-23,JIOFIN,EQ,248.66,data/raw_nse/equity/2026-04-23.zip
2026-04-23,TMCV,EQ,431.85,data/raw_nse/equity/2026-04-23.zip
2026-04-24,JIOFIN,EQ,245.73,data/raw_nse/equity/2026-04-24.zip
2026-04-24,TMCV,EQ,424.55,data/raw_nse/equity/2026-04-24.zip
2026-04-27,JIOFIN,EQ,253.64,data/raw_nse/equity/2026-04-27.zip
2026-04-27,TMCV,EQ,420.75,data/raw_nse/equity/2026-04-27.zip
2026-04-28,JIOFIN,EQ,250.81,data/raw_nse/equity/2026-04-28.zip
2026-04-28,TMCV,EQ,418.30,data/raw_nse/equity/2026-04-28.zip
2026-04-29,JIOFIN,EQ,250.71,data/raw_nse/equity/2026-04-29.zip
2026-04-29,TMCV,EQ,416.95,data/raw_nse/equity/2026-04-29.zip
2026-04-30,JIOFIN,EQ,246.37,data/raw_nse/equity/2026-04-30.zip
2026-04-30,TMCV,EQ,409.90,data/raw_nse/equity/2026-04-30.zip
2026-05-04,JIOFIN,EQ,252.74,data/raw_nse/equity/2026-05-04.zip
2026-05-04,TMCV,EQ,412.90,data/raw_nse/equity/2026-05-04.zip
2026-05-05,JIOFIN,EQ,248.45,data/raw_nse/equity/2026-05-05.zip
2026-05-05,TMCV,EQ,406.55,data/raw_nse/equity/2026-05-05.zip
2026-05-06,JIOFIN,EQ,252.44,data/raw_nse/equity/2026-05-06.zip
2026-05-06,TMCV,EQ,429.75,data/raw_nse/equity/2026-05-06.zip
2026-05-07,JIOFIN,EQ,251.02,data/raw_nse/equity/2026-05-07.zip
2026-05-07,TMCV,EQ,434.05,data/raw_nse/equity/2026-05-07.zip
2026-05-08,JIOFIN,EQ,249.34,data/raw_nse/equity/2026-05-08.zip
2026-05-08,TMCV,EQ,431.00,data/raw_nse/equity/2026-05-08.zip
2026-05-11,JIOFIN,EQ,240.33,data/raw_nse/equity/2026-05-11.zip
2026-05-11,TMCV,EQ,411.00,data/raw_nse/equity/2026-05-11.zip
2026-05-12,JIOFIN,EQ,230.47,data/raw_nse/equity/2026-05-12.zip
2026-05-12,TMCV,EQ,387.05,data/raw_nse/equity/2026-05-12.zip
2026-05-13,JIOFIN,EQ,231.45,data/raw_nse/equity/2026-05-13.zip
2026-05-13,TMCV,EQ,384.25,data/raw_nse/equity/2026-05-13.zip
2026-05-14,JIOFIN,EQ,234.13,data/raw_nse/equity/2026-05-14.zip
2026-05-14,TMCV,EQ,379.45,data/raw_nse/equity/2026-05-14.zip
2026-05-15,JIOFIN,EQ,233.06,data/raw_nse/equity/2026-05-15.zip
2026-05-15,TMCV,EQ,377.95,data/raw_nse/equity/2026-05-15.zip
2026-05-18,JIOFIN,EQ,232.63,data/raw_nse/equity/2026-05-18.zip
2026-05-18,TMCV,EQ,379.80,data/raw_nse/equity/2026-05-18.zip
2026-05-19,JIOFIN,EQ,233.28,data/raw_nse/equity/2026-05-19.zip
2026-05-19,TMCV,EQ,378.65,data/raw_nse/equity/2026-05-19.zip
2026-05-20,JIOFIN,EQ,234.67,data/raw_nse/equity/2026-05-20.zip
2026-05-20,TMCV,EQ,379.70,data/raw_nse/equity/2026-05-20.zip
2026-05-21,JIOFIN,EQ,235.78,data/raw_nse/equity/2026-05-21.zip
2026-05-21,TMCV,EQ,379.90,data/raw_nse/equity/2026-05-21.zip
2026-05-22,JIOFIN,EQ,238.19,data/raw_nse/equity/2026-05-22.zip
2026-05-22,TMCV,EQ,382.95,data/raw_nse/equity/2026-05-22.zip
2026-05-25,JIOFIN,EQ,241.74,data/raw_nse/equity/2026-05-25.zip
2026-05-25,TMCV,EQ,395.65,data/raw_nse/equity/2026-05-25.zip
2026-05-26,JIOFIN,EQ,240.67,data/raw_nse/equity/2026-05-26.zip
2026-05-26,TMCV,EQ,385.10,data/raw_nse/equity/2026-05-26.zip
2026-05-27,JIOFIN,EQ,242.89,data/raw_nse/equity/2026-05-27.zip
2026-05-27,TMCV,EQ,383.85,data/raw_nse/equity/2026-05-27.zip
2026-05-29,JIOFIN,EQ,238.95,data/raw_nse/equity/2026-05-29.zip
2026-05-29,TMCV,EQ,379.50,data/raw_nse/equity/2026-05-29.zip
2026-06-01,JIOFIN,EQ,234.95,data/raw_nse/equity/2026-06-01.zip
2026-06-01,TMCV,EQ,374.25,data/raw_nse/equity/2026-06-01.zip
2026-06-02,JIOFIN,EQ,237.64,data/raw_nse/equity/2026-06-02.zip
2026-06-02,TMCV,EQ,370.55,data/raw_nse/equity/2026-06-02.zip
2026-06-03,JIOFIN,EQ,235.03,data/raw_nse/equity/2026-06-03.zip
2026-06-03,TMCV,EQ,373.95,data/raw_nse/equity/2026-06-03.zip
2026-06-04,JIOFIN,EQ,235.74,data/raw_nse/equity/2026-06-04.zip
2026-06-04,TMCV,EQ,373.60,data/raw_nse/equity/2026-06-04.zip
2026-06-05,JIOFIN,EQ,236.89,data/raw_nse/equity/2026-06-05.zip
2026-06-05,TMCV,EQ,369.15,data/raw_nse/equity/2026-06-05.zip
2026-06-08,JIOFIN,EQ,228.86,data/raw_nse/equity/2026-06-08.zip
2026-06-08,TMCV,EQ,363.00,data/raw_nse/equity/2026-06-08.zip
2026-06-09,JIOFIN,EQ,234.21,data/raw_nse/equity/2026-06-09.zip
2026-06-09,TMCV,EQ,363.30,data/raw_nse/equity/2026-06-09.zip
2026-06-10,JIOFIN,EQ,230.17,data/raw_nse/equity/2026-06-10.zip
2026-06-10,TMCV,EQ,364.90,data/raw_nse/equity/2026-06-10.zip
2026-06-11,JIOFIN,EQ,228.02,data/raw_nse/equity/2026-06-11.zip
2026-06-11,TMCV,EQ,358.35,data/raw_nse/equity/2026-06-11.zip
2026-06-12,JIOFIN,EQ,235.89,data/raw_nse/equity/2026-06-12.zip
2026-06-12,TMCV,EQ,390.30,data/raw_nse/equity/2026-06-12.zip
2026-06-15,JIOFIN,EQ,239.52,data/raw_nse/equity/2026-06-15.zip
2026-06-15,TMCV,EQ,406.60,data/raw_nse/equity/2026-06-15.zip
2026-06-16,JIOFIN,EQ,241.95,data/raw_nse/equity/2026-06-16.zip
2026-06-16,TMCV,EQ,406.70,data/raw_nse/equity/2026-06-16.zip
2026-06-17,JIOFIN,EQ,242.98,data/raw_nse/equity/2026-06-17.zip
2026-06-17,TMCV,EQ,402.80,data/raw_nse/equity/2026-06-17.zip
2026-06-18,JIOFIN,EQ,244.10,data/raw_nse/equity/2026-06-18.zip
2026-06-18,TMCV,EQ,407.05,data/raw_nse/equity/2026-06-18.zip
2026-06-19,JIOFIN,EQ,244.45,data/raw_nse/equity/2026-06-19.zip
2026-06-19,TMCV,EQ,402.10,data/raw_nse/equity/2026-06-19.zip
2026-06-22,JIOFIN,EQ,243.38,data/raw_nse/equity/2026-06-22.zip
2026-06-22,TMCV,EQ,408.35,data/raw_nse/equity/2026-06-22.zip
2026-06-23,JIOFIN,EQ,237.81,data/raw_nse/equity/2026-06-23.zip
2026-06-23,TMCV,EQ,400.05,data/raw_nse/equity/2026-06-23.zip
2026-06-24,JIOFIN,EQ,238.87,data/raw_nse/equity/2026-06-24.zip
2026-06-24,TMCV,EQ,411.40,data/raw_nse/equity/2026-06-24.zip
2026-06-25,JIOFIN,EQ,239.43,data/raw_nse/equity/2026-06-25.zip
2026-06-25,TMCV,EQ,431.90,data/raw_nse/equity/2026-06-25.zip
2026-06-29,JIOFIN,EQ,236.71,data/raw_nse/equity/2026-06-29.zip
2026-06-29,TMCV,EQ,423.10,data/raw_nse/equity/2026-06-29.zip
2026-06-30,JIOFIN,EQ,236.44,data/raw_nse/equity/2026-06-30.zip
2026-06-30,TMCV,EQ,422.95,data/raw_nse/equity/2026-06-30.zip
